{"v":"5.7.5","fr":23.9759979248047,"ip":0,"op":94.9999917774627,"w":1080,"h":1080,"nm":"JUMP","ddd":0,"assets":[],"fonts":{"list":[{"fName":"Nunito-ExtraBold","fFamily":"Nunito ExtraBold","fStyle":"Regular","ascent":104.648948558033}]},"layers":[{"ddd":0,"ind":3,"ty":4,"nm":"Shape Layer 10","parent":38,"sr":1,"ks":{"o":{"a":0,"k":100,"ix":11},"r":{"a":0,"k":0,"ix":10},"p":{"a":0,"k":[0.228,-6.468,0],"ix":2,"l":2},"a":{"a":0,"k":[14.25,180.25,0],"ix":1,"l":2},"s":{"a":0,"k":[85,85,100],"ix":6,"l":2}},"ao":0,"shapes":[{"ty":"gr","it":[{"ind":0,"ty":"sh","ix":1,"ks":{"a":0,"k":{"i":[[0,0],[0,0],[-4,6]],"o":[[0,0],[0,0],[4,-6]],"v":[[-11.5,191.029],[15,219],[61,164.5]],"c":false},"ix":2},"nm":"Path 1","mn":"ADBE Vector Shape - Group","hd":false},{"ty":"st","c":{"a":0,"k":[0.639215686275,0.807843197093,0.125490196078,1],"ix":3},"o":{"a":0,"k":100,"ix":4},"w":{"a":0,"k":15,"ix":5},"lc":2,"lj":2,"bm":0,"nm":"Stroke 1","mn":"ADBE Vector Graphic - Stroke","hd":false},{"ty":"tr","p":{"a":0,"k":[-5.5,-11.5],"ix":2},"a":{"a":0,"k":[0,0],"ix":1},"s":{"a":0,"k":[100,100],"ix":3},"r":{"a":0,"k":0,"ix":6},"o":{"a":0,"k":100,"ix":7},"sk":{"a":0,"k":0,"ix":4},"sa":{"a":0,"k":0,"ix":5},"nm":"Transform"}],"nm":"Shape 1","np":3,"cix":2,"bm":0,"ix":1,"mn":"ADBE Vector Group","hd":false},{"ty":"tm","s":{"a":0,"k":0,"ix":1},"e":{"a":1,"k":[{"i":{"x":[0.667],"y":[1]},"o":{"x":[0.333],"y":[0]},"t":22.777,"s":[0]},{"i":{"x":[0.833],"y":[1]},"o":{"x":[0.333],"y":[0]},"t":33.167,"s":[100]},{"i":{"x":[0.833],"y":[1]},"o":{"x":[0.167],"y":[0]},"t":88.711,"s":[100]},{"t":95.1049917683746,"s":[0]}],"ix":2},"o":{"a":0,"k":0,"ix":3},"m":1,"ix":2,"nm":"Trim Paths 1","mn":"ADBE Vector Filter - Trim","hd":false}],"ip":0,"op":119.879989624023,"st":0,"bm":0},{"ddd":0,"ind":4,"ty":4,"nm":"Shape Layer 9","sr":1,"ks":{"o":{"a":0,"k":100,"ix":11},"r":{"a":0,"k":0,"ix":10},"p":{"a":0,"k":[540,540,0],"ix":2,"l":2},"a":{"a":0,"k":[0,0,0],"ix":1,"l":2},"s":{"a":0,"k":[100,100,100],"ix":6,"l":2}},"ao":0,"shapes":[{"ty":"gr","it":[{"ind":0,"ty":"sh","ix":1,"ks":{"a":0,"k":{"i":[[0,0],[-236,-144]],"o":[[0,0],[236,144]],"v":[[-254,-310],[256,-275]],"c":false},"ix":2},"nm":"Path 1","mn":"ADBE Vector Shape - Group","hd":false},{"ty":"tr","p":{"a":0,"k":[0,0],"ix":2},"a":{"a":0,"k":[0,0],"ix":1},"s":{"a":0,"k":[100,100],"ix":3},"r":{"a":0,"k":0,"ix":6},"o":{"a":0,"k":100,"ix":7},"sk":{"a":0,"k":0,"ix":4},"sa":{"a":0,"k":0,"ix":5},"nm":"Transform"}],"nm":"Shape 1","np":3,"cix":2,"bm":0,"ix":1,"mn":"ADBE Vector Group","hd":false}],"ip":0,"op":119.879989624023,"st":0,"bm":0},{"ddd":0,"ind":5,"ty":5,"nm":"Yay!","sr":1,"ks":{"o":{"a":0,"k":100,"ix":11},"r":{"a":0,"k":0,"ix":10},"p":{"a":0,"k":[529.283,242.479,0],"ix":2,"l":2},"a":{"a":0,"k":[91.283,76.479,0],"ix":1,"l":2},"s":{"a":1,"k":[{"i":{"x":[0.667,0.667,0.667],"y":[1,1,1]},"o":{"x":[0.333,0.333,0.333],"y":[0,0,0]},"t":21.578,"s":[0,0,100]},{"i":{"x":[0.833,0.833,0.833],"y":[1,1,1]},"o":{"x":[0.333,0.333,0.333],"y":[0,0,0]},"t":24.775,"s":[100,100,100]},{"i":{"x":[0.056,0.056,0.833],"y":[1,1,1]},"o":{"x":[0.602,0.602,0.167],"y":[0,0,0]},"t":45.155,"s":[100,100,100]},{"t":55.5439951924988,"s":[0,0,100]}],"ix":6,"l":2}},"ao":0,"hasMask":true,"masksProperties":[{"inv":false,"mode":"n","pt":{"a":0,"k":{"i":[[0,0],[-236,-144]],"o":[[0,0],[236,144]],"v":[[-159.5,62.5],[350.5,97.5]],"c":false},"ix":1},"o":{"a":0,"k":100,"ix":3},"x":{"a":0,"k":0,"ix":4},"nm":"Mask 1"}],"t":{"d":{"k":[{"s":{"s":183,"f":"Nunito-ExtraBold","t":"Yay!","ca":0,"j":0,"tr":0,"lh":219.6,"ls":0,"fc":[0.188,0.212,0.224]},"t":0}]},"p":{"m":0,"f":{"a":0,"k":66,"ix":5},"l":{"a":0,"k":0,"ix":6},"a":0,"p":1,"r":0},"m":{"g":1,"a":{"a":0,"k":[0,0],"ix":2}},"a":[]},"ip":0,"op":119.879989624023,"st":0,"bm":0},{"ddd":0,"ind":6,"ty":4,"nm":"MF - Simple Shape 20","sr":1,"ks":{"o":{"a":0,"k":100,"ix":11},"r":{"a":0,"k":-32,"ix":10},"p":{"a":0,"k":[212,250,0],"ix":2,"l":2},"a":{"a":0,"k":[0,0,0],"ix":1,"l":2},"s":{"a":0,"k":[66,66,100],"ix":6,"l":2}},"ao":0,"shapes":[{"ty":"sr","sy":1,"d":1,"pt":{"a":0,"k":5,"ix":3},"p":{"a":1,"k":[{"i":{"x":0.15,"y":1},"o":{"x":0.85,"y":0},"t":10.789,"s":[0,331],"to":[0,0],"ti":[0,0]},{"i":{"x":0.15,"y":1},"o":{"x":0.85,"y":0},"t":22.378,"s":[0,-35.225],"to":[0,0],"ti":[0,0]},{"i":{"x":0.15,"y":0.15},"o":{"x":0.167,"y":0.167},"t":28,"s":[0,0],"to":[0,0],"ti":[0,0]},{"i":{"x":0.15,"y":1},"o":{"x":0.85,"y":0},"t":34.765,"s":[0,0],"to":[0,0],"ti":[0,0]},{"i":{"x":0.15,"y":1},"o":{"x":0.85,"y":0},"t":40.365,"s":[0,-35.225],"to":[0,0],"ti":[0,0]},{"t":55.1449952270335,"s":[0,331]}],"ix":4},"r":{"a":1,"k":[{"i":{"x":[0.15],"y":[1]},"o":{"x":[0.85],"y":[0]},"t":10.789,"s":[0]},{"i":{"x":[0.15],"y":[1]},"o":{"x":[0.167],"y":[0]},"t":22.4,"s":[-360]},{"i":{"x":[0.15],"y":[1]},"o":{"x":[0.85],"y":[0]},"t":40.365,"s":[-360]},{"t":55.1449952270335,"s":[0]}],"ix":5},"ir":{"a":1,"k":[{"i":{"x":[0.15],"y":[1]},"o":{"x":[0.85],"y":[0]},"t":10.789,"s":[0]},{"i":{"x":[0.15],"y":[1]},"o":{"x":[0.167],"y":[0]},"t":22.4,"s":[75]},{"i":{"x":[0.15],"y":[1]},"o":{"x":[0.85],"y":[0]},"t":40.365,"s":[75]},{"t":55.1449952270335,"s":[0]}],"ix":6},"is":{"a":0,"k":84,"ix":8},"or":{"a":1,"k":[{"i":{"x":[0.15],"y":[1]},"o":{"x":[0.85],"y":[0]},"t":10.789,"s":[0]},{"i":{"x":[0.15],"y":[1]},"o":{"x":[0.167],"y":[0]},"t":22.4,"s":[121]},{"i":{"x":[0.15],"y":[1]},"o":{"x":[0.85],"y":[0]},"t":40.365,"s":[121]},{"t":55.1449952270335,"s":[0]}],"ix":7},"os":{"a":0,"k":53,"ix":9},"ix":1,"nm":"Polystar Path 1","mn":"ADBE Vector Shape - Star","hd":false},{"ty":"fl","c":{"a":0,"k":[1,0.81568627451,0.207843137255,1],"ix":4},"o":{"a":0,"k":100,"ix":5},"r":1,"bm":0,"nm":"Fill 1","mn":"ADBE Vector Graphic - Fill","hd":false}],"ip":0,"op":119.999989613637,"st":0,"bm":0},{"ddd":0,"ind":7,"ty":4,"nm":"MF - Simple Shape 19","sr":1,"ks":{"o":{"a":0,"k":100,"ix":11},"r":{"a":0,"k":32,"ix":10},"p":{"a":0,"k":[862,260,0],"ix":2,"l":2},"a":{"a":0,"k":[0,0,0],"ix":1,"l":2},"s":{"a":0,"k":[66,66,100],"ix":6,"l":2}},"ao":0,"shapes":[{"ty":"sr","sy":1,"d":1,"pt":{"a":0,"k":5,"ix":3},"p":{"a":1,"k":[{"i":{"x":0.15,"y":1},"o":{"x":0.85,"y":0},"t":10.789,"s":[0,331],"to":[0,0],"ti":[0,0]},{"i":{"x":0.15,"y":1},"o":{"x":0.85,"y":0},"t":22.378,"s":[0,-35.225],"to":[0,0],"ti":[0,0]},{"i":{"x":0.15,"y":0.15},"o":{"x":0.167,"y":0.167},"t":28,"s":[0,0],"to":[0,0],"ti":[0,0]},{"i":{"x":0.15,"y":1},"o":{"x":0.85,"y":0},"t":34.765,"s":[0,0],"to":[0,0],"ti":[0,0]},{"i":{"x":0.15,"y":1},"o":{"x":0.85,"y":0},"t":40.365,"s":[0,-35.225],"to":[0,0],"ti":[0,0]},{"t":55.1449952270335,"s":[0,331]}],"ix":4},"r":{"a":1,"k":[{"i":{"x":[0.15],"y":[1]},"o":{"x":[0.85],"y":[0]},"t":10.789,"s":[0]},{"i":{"x":[0.15],"y":[1]},"o":{"x":[0.167],"y":[0]},"t":22.4,"s":[-360]},{"i":{"x":[0.15],"y":[1]},"o":{"x":[0.85],"y":[0]},"t":40.365,"s":[-360]},{"t":55.1449952270335,"s":[0]}],"ix":5},"ir":{"a":1,"k":[{"i":{"x":[0.15],"y":[1]},"o":{"x":[0.85],"y":[0]},"t":10.789,"s":[0]},{"i":{"x":[0.15],"y":[1]},"o":{"x":[0.167],"y":[0]},"t":22.4,"s":[75]},{"i":{"x":[0.15],"y":[1]},"o":{"x":[0.85],"y":[0]},"t":40.365,"s":[75]},{"t":55.1449952270335,"s":[0]}],"ix":6},"is":{"a":0,"k":84,"ix":8},"or":{"a":1,"k":[{"i":{"x":[0.15],"y":[1]},"o":{"x":[0.85],"y":[0]},"t":10.789,"s":[0]},{"i":{"x":[0.15],"y":[1]},"o":{"x":[0.167],"y":[0]},"t":22.4,"s":[121]},{"i":{"x":[0.15],"y":[1]},"o":{"x":[0.85],"y":[0]},"t":40.365,"s":[121]},{"t":55.1449952270335,"s":[0]}],"ix":7},"os":{"a":0,"k":53,"ix":9},"ix":1,"nm":"Polystar Path 1","mn":"ADBE Vector Shape - Star","hd":false},{"ty":"fl","c":{"a":0,"k":[1,0.81568627451,0.207843137255,1],"ix":4},"o":{"a":0,"k":100,"ix":5},"r":1,"bm":0,"nm":"Fill 1","mn":"ADBE Vector Graphic - Fill","hd":false}],"ip":0,"op":119.999989613637,"st":0,"bm":0},{"ddd":0,"ind":9,"ty":3,"nm":"NULL CONTROL","sr":1,"ks":{"o":{"a":0,"k":0,"ix":11},"r":{"a":0,"k":0,"ix":10},"p":{"a":0,"k":[533.749,801.374,0],"ix":2,"l":2},"a":{"a":0,"k":[60,120,0],"ix":1,"l":2},"s":{"a":0,"k":[100,100,100],"ix":6,"l":2}},"ao":0,"ip":0,"op":119.999989613637,"st":0,"bm":0},{"ddd":0,"ind":10,"ty":4,"nm":"Layer 55","parent":16,"sr":1,"ks":{"o":{"a":0,"k":100,"ix":11},"r":{"a":0,"k":0,"ix":10},"p":{"a":0,"k":[-94.446,-5.581,0],"ix":2,"l":2},"a":{"a":0,"k":[0,0,0],"ix":1,"l":2},"s":{"a":0,"k":[100,100,100],"ix":6,"l":2}},"ao":0,"shapes":[{"ty":"gr","it":[{"ind":0,"ty":"sh","ix":1,"ks":{"a":0,"k":{"i":[[1.633,1.311],[2.252,0],[-0.024,-3.888],[-4.857,-0.025],[0,3.868]],"o":[[-1.348,-1.581],[-3.979,0],[0.028,4.722],[3.996,0.023],[0,-2.196]],"v":[[5.109,-4.981],[-0.489,-7.603],[-7.818,-0.474],[0.489,7.603],[7.818,0.474]],"c":true},"ix":2},"nm":"Path 1","mn":"ADBE Vector Shape - Group","hd":false},{"ty":"fl","c":{"a":0,"k":[0.188235297799,0.211764708161,0.223529413342,1],"ix":4},"o":{"a":0,"k":100,"ix":5},"r":1,"bm":0,"nm":"Fill 1","mn":"ADBE Vector Graphic - Fill","hd":false},{"ty":"tr","p":{"a":0,"k":[0,0],"ix":2},"a":{"a":0,"k":[0,0],"ix":1},"s":{"a":0,"k":[100,100],"ix":3},"r":{"a":0,"k":0,"ix":6},"o":{"a":0,"k":100,"ix":7},"sk":{"a":0,"k":0,"ix":4},"sa":{"a":0,"k":0,"ix":5},"nm":"Transform"}],"nm":"Group 1","np":2,"cix":2,"bm":2,"ix":1,"mn":"ADBE Vector Group","hd":false}],"ip":33.5999970918184,"op":39.1999966071214,"st":33.5999970918184,"bm":2},{"ddd":0,"ind":11,"ty":4,"nm":"Layer 57","parent":16,"sr":1,"ks":{"o":{"a":0,"k":100,"ix":11},"r":{"a":0,"k":0,"ix":10},"p":{"a":0,"k":[-94.446,-5.581,0],"ix":2,"l":2},"a":{"a":0,"k":[0,0,0],"ix":1,"l":2},"s":{"a":0,"k":[100,100,100],"ix":6,"l":2}},"ao":0,"shapes":[{"ty":"gr","it":[{"ind":0,"ty":"sh","ix":1,"ks":{"a":0,"k":{"i":[[1.633,1.311],[2.252,0],[-0.024,-3.888],[-4.857,-0.025],[0,3.868]],"o":[[-1.348,-1.581],[-3.979,0],[0.028,4.722],[3.996,0.023],[0,-2.196]],"v":[[5.109,-4.981],[-0.489,-7.603],[-7.818,-0.474],[0.489,7.603],[7.818,0.474]],"c":true},"ix":2},"nm":"Path 1","mn":"ADBE Vector Shape - Group","hd":false},{"ty":"fl","c":{"a":0,"k":[0.188235297799,0.211764708161,0.223529413342,1],"ix":4},"o":{"a":0,"k":100,"ix":5},"r":1,"bm":0,"nm":"Fill 1","mn":"ADBE Vector Graphic - Fill","hd":false},{"ty":"tr","p":{"a":0,"k":[0,0],"ix":2},"a":{"a":0,"k":[0,0],"ix":1},"s":{"a":0,"k":[100,100],"ix":3},"r":{"a":0,"k":0,"ix":6},"o":{"a":0,"k":100,"ix":7},"sk":{"a":0,"k":0,"ix":4},"sa":{"a":0,"k":0,"ix":5},"nm":"Transform"}],"nm":"Group 1","np":2,"cix":2,"bm":2,"ix":1,"mn":"ADBE Vector Group","hd":false}],"ip":55.2023952220653,"op":95.1047917683919,"st":55.2023952220653,"bm":2},{"ddd":0,"ind":12,"ty":4,"nm":"Layer 54","parent":16,"sr":1,"ks":{"o":{"a":0,"k":100,"ix":11},"r":{"a":0,"k":0,"ix":10},"p":{"a":0,"k":[-94.446,-5.581,0],"ix":2,"l":2},"a":{"a":0,"k":[0,0,0],"ix":1,"l":2},"s":{"a":0,"k":[100,100,100],"ix":6,"l":2}},"ao":0,"shapes":[{"ty":"gr","it":[{"ind":0,"ty":"sh","ix":1,"ks":{"a":0,"k":{"i":[[1.633,1.311],[2.252,0],[-0.024,-3.888],[-4.857,-0.025],[0,3.868]],"o":[[-1.348,-1.581],[-3.979,0],[0.028,4.722],[3.996,0.023],[0,-2.196]],"v":[[5.109,-4.981],[-0.489,-7.603],[-7.818,-0.474],[0.489,7.603],[7.818,0.474]],"c":true},"ix":2},"nm":"Path 1","mn":"ADBE Vector Shape - Group","hd":false},{"ty":"fl","c":{"a":0,"k":[0.188235297799,0.211764708161,0.223529413342,1],"ix":4},"o":{"a":0,"k":100,"ix":5},"r":1,"bm":0,"nm":"Fill 1","mn":"ADBE Vector Graphic - Fill","hd":false},{"ty":"tr","p":{"a":0,"k":[0,0],"ix":2},"a":{"a":0,"k":[0,0],"ix":1},"s":{"a":0,"k":[100,100],"ix":3},"r":{"a":0,"k":0,"ix":6},"o":{"a":0,"k":100,"ix":7},"sk":{"a":0,"k":0,"ix":4},"sa":{"a":0,"k":0,"ix":5},"nm":"Transform"}],"nm":"Group 1","np":2,"cix":2,"bm":2,"ix":1,"mn":"ADBE Vector Group","hd":false}],"ip":24.799997853485,"op":30.3999973687881,"st":24.799997853485,"bm":2},{"ddd":0,"ind":13,"ty":4,"nm":"Layer 56","parent":16,"sr":1,"ks":{"o":{"a":0,"k":100,"ix":11},"r":{"a":0,"k":0,"ix":10},"p":{"a":0,"k":[-94.446,-5.581,0],"ix":2,"l":2},"a":{"a":0,"k":[0,0,0],"ix":1,"l":2},"s":{"a":0,"k":[100,100,100],"ix":6,"l":2}},"ao":0,"shapes":[{"ty":"gr","it":[{"ind":0,"ty":"sh","ix":1,"ks":{"a":0,"k":{"i":[[1.633,1.311],[2.252,0],[-0.024,-3.888],[-4.857,-0.025],[0,3.868]],"o":[[-1.348,-1.581],[-3.979,0],[0.028,4.722],[3.996,0.023],[0,-2.196]],"v":[[5.109,-4.981],[-0.489,-7.603],[-7.818,-0.474],[0.489,7.603],[7.818,0.474]],"c":true},"ix":2},"nm":"Path 1","mn":"ADBE Vector Shape - Group","hd":false},{"ty":"fl","c":{"a":0,"k":[0.188235297799,0.211764708161,0.223529413342,1],"ix":4},"o":{"a":0,"k":100,"ix":5},"r":1,"bm":0,"nm":"Fill 1","mn":"ADBE Vector Graphic - Fill","hd":false},{"ty":"tr","p":{"a":0,"k":[0,0],"ix":2},"a":{"a":0,"k":[0,0],"ix":1},"s":{"a":0,"k":[100,100],"ix":3},"r":{"a":0,"k":0,"ix":6},"o":{"a":0,"k":100,"ix":7},"sk":{"a":0,"k":0,"ix":4},"sa":{"a":0,"k":0,"ix":5},"nm":"Transform"}],"nm":"Group 1","np":2,"cix":2,"bm":2,"ix":1,"mn":"ADBE Vector Group","hd":false}],"ip":48.7999957762124,"op":54.3999952915155,"st":48.7999957762124,"bm":2},{"ddd":0,"ind":14,"ty":4,"nm":"Layer 53","parent":16,"sr":1,"ks":{"o":{"a":0,"k":100,"ix":11},"r":{"a":0,"k":0,"ix":10},"p":{"a":0,"k":[-94.446,-5.581,0],"ix":2,"l":2},"a":{"a":0,"k":[0,0,0],"ix":1,"l":2},"s":{"a":0,"k":[100,100,100],"ix":6,"l":2}},"ao":0,"shapes":[{"ty":"gr","it":[{"ind":0,"ty":"sh","ix":1,"ks":{"a":0,"k":{"i":[[1.633,1.311],[2.252,0],[-0.024,-3.888],[-4.857,-0.025],[0,3.868]],"o":[[-1.348,-1.581],[-3.979,0],[0.028,4.722],[3.996,0.023],[0,-2.196]],"v":[[5.109,-4.981],[-0.489,-7.603],[-7.818,-0.474],[0.489,7.603],[7.818,0.474]],"c":true},"ix":2},"nm":"Path 1","mn":"ADBE Vector Shape - Group","hd":false},{"ty":"fl","c":{"a":0,"k":[0.188235297799,0.211764708161,0.223529413342,1],"ix":4},"o":{"a":0,"k":100,"ix":5},"r":1,"bm":0,"nm":"Fill 1","mn":"ADBE Vector Graphic - Fill","hd":false},{"ty":"tr","p":{"a":0,"k":[0,0],"ix":2},"a":{"a":0,"k":[0,0],"ix":1},"s":{"a":0,"k":[100,100],"ix":3},"r":{"a":0,"k":0,"ix":6},"o":{"a":0,"k":100,"ix":7},"sk":{"a":0,"k":0,"ix":4},"sa":{"a":0,"k":0,"ix":5},"nm":"Transform"}],"nm":"Group 1","np":2,"cix":2,"bm":2,"ix":1,"mn":"ADBE Vector Group","hd":false}],"ip":16.7831985473633,"op":22.377598063151,"st":15.9999986151516,"bm":2},{"ddd":0,"ind":15,"ty":4,"nm":"Layer 52","parent":16,"sr":1,"ks":{"o":{"a":0,"k":100,"ix":11},"r":{"a":0,"k":0,"ix":10},"p":{"a":0,"k":[-94.446,-5.581,0],"ix":2,"l":2},"a":{"a":0,"k":[0,0,0],"ix":1,"l":2},"s":{"a":0,"k":[100,100,100],"ix":6,"l":2}},"ao":0,"shapes":[{"ty":"gr","it":[{"ind":0,"ty":"sh","ix":1,"ks":{"a":0,"k":{"i":[[1.633,1.311],[2.252,0],[-0.024,-3.888],[-4.857,-0.025],[0,3.868]],"o":[[-1.348,-1.581],[-3.979,0],[0.028,4.722],[3.996,0.023],[0,-2.196]],"v":[[5.109,-4.981],[-0.489,-7.603],[-7.818,-0.474],[0.489,7.603],[7.818,0.474]],"c":true},"ix":2},"nm":"Path 1","mn":"ADBE Vector Shape - Group","hd":false},{"ty":"fl","c":{"a":0,"k":[0.188235297799,0.211764708161,0.223529413342,1],"ix":4},"o":{"a":0,"k":100,"ix":5},"r":1,"bm":0,"nm":"Fill 1","mn":"ADBE Vector Graphic - Fill","hd":false},{"ty":"tr","p":{"a":0,"k":[0,0],"ix":2},"a":{"a":0,"k":[0,0],"ix":1},"s":{"a":0,"k":[100,100],"ix":3},"r":{"a":0,"k":0,"ix":6},"o":{"a":0,"k":100,"ix":7},"sk":{"a":0,"k":0,"ix":4},"sa":{"a":0,"k":0,"ix":5},"nm":"Transform"}],"nm":"Group 1","np":2,"cix":2,"bm":2,"ix":1,"mn":"ADBE Vector Group","hd":false}],"ip":0,"op":16.7999985459092,"st":0,"bm":2},{"ddd":0,"ind":16,"ty":4,"nm":"Layer 51","parent":31,"sr":1,"ks":{"o":{"a":0,"k":100,"ix":11},"r":{"a":0,"k":0,"ix":10},"p":{"a":0,"k":[1.372,78.298,0],"ix":2,"l":2},"a":{"a":0,"k":[0,0,0],"ix":1,"l":2},"s":{"a":0,"k":[100,100,100],"ix":6,"l":2}},"ao":0,"shapes":[{"ty":"gr","it":[{"ind":0,"ty":"sh","ix":1,"ks":{"a":0,"k":{"i":[[-49.992,25.822],[0.088,-0.57],[8.356,-5.988],[14.161,22.953],[2.756,17.309],[0.09,0.565]],"o":[[-0.09,0.565],[-2.638,18.592],[-19.877,14.258],[-3.841,-6.243],[-0.09,-0.57],[41.466,24.822]],"v":[[117.229,-27],[116.994,-25.292],[100.898,13.974],[-106.733,12.005],[-116.964,-25.292],[-117.229,-27]],"c":true},"ix":2},"nm":"Path 1","mn":"ADBE Vector Shape - Group","hd":false},{"ty":"fl","c":{"a":0,"k":[0.188235297799,0.211764708161,0.223529413342,1],"ix":4},"o":{"a":0,"k":100,"ix":5},"r":1,"bm":0,"nm":"Fill 1","mn":"ADBE Vector Graphic - Fill","hd":false},{"ty":"tr","p":{"a":0,"k":[0,0],"ix":2},"a":{"a":0,"k":[0,0],"ix":1},"s":{"a":0,"k":[100,100],"ix":3},"r":{"a":0,"k":0,"ix":6},"o":{"a":0,"k":100,"ix":7},"sk":{"a":0,"k":0,"ix":4},"sa":{"a":0,"k":0,"ix":5},"nm":"Transform"}],"nm":"Group 1","np":2,"cix":2,"bm":0,"ix":1,"mn":"ADBE Vector Group","hd":false}],"ip":0,"op":119.999989613637,"st":0,"bm":0},{"ddd":0,"ind":17,"ty":4,"nm":"Layer 47","parent":31,"sr":1,"ks":{"o":{"a":0,"k":100,"ix":11},"r":{"a":0,"k":0,"ix":10},"p":{"a":0,"k":[-98.174,-16.928,0],"ix":2,"l":2},"a":{"a":0,"k":[0,0,0],"ix":1,"l":2},"s":{"a":0,"k":[100,100,100],"ix":6,"l":2}},"ao":0,"shapes":[{"ty":"gr","it":[{"ind":0,"ty":"sh","ix":1,"ks":{"a":0,"k":{"i":[[3.593,-12.365],[0.245,-23.623],[-0.606,-5.719],[-2.995,6.133],[0.87,12.129],[-6.76,23.268]],"o":[[-6.635,22.846],[-0.071,6.78],[2.48,23.382],[5.568,-11.397],[-1.737,-24.16],[3.604,-12.413]],"v":[[-6.028,-57.835],[-14.197,12.433],[-12.017,45.116],[6.863,61.065],[6.476,21.106],[13.763,-52.528]],"c":true},"ix":2},"nm":"Path 1","mn":"ADBE Vector Shape - Group","hd":false},{"ty":"fl","c":{"a":0,"k":[0.639215707779,0.807843148708,0.1254902035,1],"ix":4},"o":{"a":0,"k":100,"ix":5},"r":1,"bm":0,"nm":"Fill 1","mn":"ADBE Vector Graphic - Fill","hd":false},{"ty":"tr","p":{"a":0,"k":[0,0],"ix":2},"a":{"a":0,"k":[0,0],"ix":1},"s":{"a":0,"k":[100,100],"ix":3},"r":{"a":0,"k":0,"ix":6},"o":{"a":0,"k":100,"ix":7},"sk":{"a":0,"k":0,"ix":4},"sa":{"a":0,"k":0,"ix":5},"nm":"Transform"}],"nm":"Group 1","np":2,"cix":2,"bm":2,"ix":1,"mn":"ADBE Vector Group","hd":false}],"ip":0,"op":119.999989613637,"st":0,"bm":2},{"ddd":0,"ind":18,"ty":4,"nm":"Capa 2","parent":20,"sr":1,"ks":{"o":{"a":0,"k":100,"ix":11},"r":{"a":0,"k":-3.694,"ix":10},"p":{"a":0,"k":[106.927,47.029,0],"ix":2,"l":2},"a":{"a":0,"k":[0,0,0],"ix":1,"l":2},"s":{"a":0,"k":[120,120,100],"ix":6,"l":2}},"ao":0,"shapes":[{"ty":"gr","it":[{"ind":0,"ty":"sh","ix":1,"ks":{"a":0,"k":{"i":[[0,0],[0,0],[0,0]],"o":[[0,0],[0,0],[0,0]],"v":[[8.849,-7.49],[-8.849,-1.935],[8.381,7.49]],"c":false},"ix":2},"nm":"Path 1","mn":"ADBE Vector Shape - Group","hd":false},{"ty":"st","c":{"a":0,"k":[0,0,0,1],"ix":3},"o":{"a":0,"k":100,"ix":4},"w":{"a":0,"k":2.705,"ix":5},"lc":2,"lj":2,"bm":0,"nm":"Stroke 1","mn":"ADBE Vector Graphic - Stroke","hd":false},{"ty":"tr","p":{"a":0,"k":[0,0],"ix":2},"a":{"a":0,"k":[0,0],"ix":1},"s":{"a":0,"k":[100,100],"ix":3},"r":{"a":0,"k":0,"ix":6},"o":{"a":0,"k":100,"ix":7},"sk":{"a":0,"k":0,"ix":4},"sa":{"a":0,"k":0,"ix":5},"nm":"Transform"}],"nm":"Group 1","np":2,"cix":2,"bm":0,"ix":1,"mn":"ADBE Vector Group","hd":false}],"ip":22.377598063151,"op":55.5443951924642,"st":0,"bm":0},{"ddd":0,"ind":19,"ty":4,"nm":"Capa 1","parent":20,"sr":1,"ks":{"o":{"a":0,"k":100,"ix":11},"r":{"a":0,"k":-3.694,"ix":10},"p":{"a":0,"k":[16.176,47.878,0],"ix":2,"l":2},"a":{"a":0,"k":[0,0,0],"ix":1,"l":2},"s":{"a":0,"k":[120,120,100],"ix":6,"l":2}},"ao":0,"shapes":[{"ty":"gr","it":[{"ind":0,"ty":"sh","ix":1,"ks":{"a":0,"k":{"i":[[0,0],[0,0],[0,0]],"o":[[0,0],[0,0],[0,0]],"v":[[-8.85,-7.49],[8.85,-1.935],[-8.381,7.49]],"c":false},"ix":2},"nm":"Path 1","mn":"ADBE Vector Shape - Group","hd":false},{"ty":"st","c":{"a":0,"k":[0,0,0,1],"ix":3},"o":{"a":0,"k":100,"ix":4},"w":{"a":0,"k":2.705,"ix":5},"lc":2,"lj":2,"bm":0,"nm":"Stroke 1","mn":"ADBE Vector Graphic - Stroke","hd":false},{"ty":"tr","p":{"a":0,"k":[0,0],"ix":2},"a":{"a":0,"k":[0,0],"ix":1},"s":{"a":0,"k":[100,100],"ix":3},"r":{"a":0,"k":0,"ix":6},"o":{"a":0,"k":100,"ix":7},"sk":{"a":0,"k":0,"ix":4},"sa":{"a":0,"k":0,"ix":5},"nm":"Transform"}],"nm":"Group 1","np":2,"cix":2,"bm":0,"ix":1,"mn":"ADBE Vector Group","hd":false}],"ip":22.377598063151,"op":55.5443951924642,"st":0,"bm":0},{"ddd":0,"ind":20,"ty":3,"nm":"NULL CONTROL","parent":31,"sr":1,"ks":{"o":{"a":0,"k":0,"ix":11},"r":{"a":0,"k":0,"ix":10},"p":{"a":1,"k":[{"i":{"x":0.667,"y":1},"o":{"x":0.333,"y":0},"t":0,"s":[1.377,19.732,0],"to":[0,-7,0],"ti":[0,7,0]},{"i":{"x":0.667,"y":0.667},"o":{"x":0.333,"y":0.333},"t":10.789,"s":[1.377,-22.268,0],"to":[0,0,0],"ti":[0,0,0]},{"i":{"x":0.667,"y":1},"o":{"x":0.333,"y":0},"t":24.775,"s":[1.377,-22.268,0],"to":[0.894,7.279,0],"ti":[0,-7,0]},{"i":{"x":0.667,"y":1},"o":{"x":0.333,"y":0},"t":32.767,"s":[6.74,21.404,0],"to":[0,7,0],"ti":[0.894,0.279,0]},{"t":54.3459952961893,"s":[1.377,19.732,0]}],"ix":2,"l":2},"a":{"a":0,"k":[60,60,0],"ix":1,"l":2},"s":{"a":0,"k":[100,100,100],"ix":6,"l":2}},"ao":0,"ip":0,"op":120.00018180112,"st":0,"bm":0},{"ddd":0,"ind":21,"ty":4,"nm":"mat 4","parent":20,"sr":1,"ks":{"o":{"a":0,"k":100,"ix":11},"r":{"a":0,"k":0,"ix":10},"p":{"a":0,"k":[107.458,48.086,0],"ix":2,"l":2},"a":{"a":0,"k":[-62.274,-143.552,0],"ix":1,"l":2},"s":{"a":0,"k":[100,100,100],"ix":6,"l":2}},"ao":0,"shapes":[{"ty":"gr","it":[{"ind":0,"ty":"sh","ix":1,"ks":{"a":0,"k":{"i":[[7.209,0],[-7.207,0]],"o":[[-7.207,0],[7.209,0]],"v":[[-62.275,-138.116],[-62.275,-148.988]],"c":true},"ix":2},"nm":"Path 2","mn":"ADBE Vector Shape - Group","hd":false},{"ty":"fl","c":{"a":0,"k":[1,1,1,1],"ix":4},"o":{"a":0,"k":100,"ix":5},"r":1,"bm":0,"nm":"Fill 1","mn":"ADBE Vector Graphic - Fill","hd":false},{"ty":"tr","p":{"a":0,"k":[0,0],"ix":2},"a":{"a":0,"k":[0,0],"ix":1},"s":{"a":0,"k":[100,100],"ix":3},"r":{"a":0,"k":0,"ix":6},"o":{"a":0,"k":100,"ix":7},"sk":{"a":0,"k":0,"ix":4},"sa":{"a":0,"k":0,"ix":5},"nm":"Transform"}],"nm":"Group 1","np":2,"cix":2,"bm":0,"ix":1,"mn":"ADBE Vector Group","hd":false}],"ip":55.1447952270508,"op":95.1047917683919,"st":55.1447952270508,"bm":0},{"ddd":0,"ind":22,"ty":4,"nm":"mat 2","parent":20,"sr":1,"ks":{"o":{"a":0,"k":100,"ix":11},"r":{"a":0,"k":0,"ix":10},"p":{"a":0,"k":[107.458,48.086,0],"ix":2,"l":2},"a":{"a":0,"k":[-62.274,-143.552,0],"ix":1,"l":2},"s":{"a":0,"k":[100,100,100],"ix":6,"l":2}},"ao":0,"shapes":[{"ty":"gr","it":[{"ind":0,"ty":"sh","ix":1,"ks":{"a":0,"k":{"i":[[7.209,0],[-7.207,0]],"o":[[-7.207,0],[7.209,0]],"v":[[-62.275,-138.116],[-62.275,-148.988]],"c":true},"ix":2},"nm":"Path 2","mn":"ADBE Vector Shape - Group","hd":false},{"ty":"fl","c":{"a":0,"k":[1,1,1,1],"ix":4},"o":{"a":0,"k":100,"ix":5},"r":1,"bm":0,"nm":"Fill 1","mn":"ADBE Vector Graphic - Fill","hd":false},{"ty":"tr","p":{"a":0,"k":[0,0],"ix":2},"a":{"a":0,"k":[0,0],"ix":1},"s":{"a":0,"k":[100,100],"ix":3},"r":{"a":0,"k":0,"ix":6},"o":{"a":0,"k":100,"ix":7},"sk":{"a":0,"k":0,"ix":4},"sa":{"a":0,"k":0,"ix":5},"nm":"Transform"}],"nm":"Group 1","np":2,"cix":2,"bm":0,"ix":1,"mn":"ADBE Vector Group","hd":false}],"ip":0,"op":22.377598063151,"st":0,"bm":0},{"ddd":0,"ind":23,"ty":4,"nm":"mat 3","parent":20,"sr":1,"ks":{"o":{"a":0,"k":100,"ix":11},"r":{"a":0,"k":0,"ix":10},"p":{"a":0,"k":[11.958,48.836,0],"ix":2,"l":2},"a":{"a":0,"k":[-62.274,-143.552,0],"ix":1,"l":2},"s":{"a":0,"k":[100,100,100],"ix":6,"l":2}},"ao":0,"shapes":[{"ty":"gr","it":[{"ind":0,"ty":"sh","ix":1,"ks":{"a":0,"k":{"i":[[7.209,0],[-7.207,0]],"o":[[-7.207,0],[7.209,0]],"v":[[-62.275,-138.116],[-62.275,-148.988]],"c":true},"ix":2},"nm":"Path 2","mn":"ADBE Vector Shape - Group","hd":false},{"ty":"fl","c":{"a":0,"k":[1,1,1,1],"ix":4},"o":{"a":0,"k":100,"ix":5},"r":1,"bm":0,"nm":"Fill 1","mn":"ADBE Vector Graphic - Fill","hd":false},{"ty":"tr","p":{"a":0,"k":[0,0],"ix":2},"a":{"a":0,"k":[0,0],"ix":1},"s":{"a":0,"k":[100,100],"ix":3},"r":{"a":0,"k":0,"ix":6},"o":{"a":0,"k":100,"ix":7},"sk":{"a":0,"k":0,"ix":4},"sa":{"a":0,"k":0,"ix":5},"nm":"Transform"}],"nm":"Group 1","np":2,"cix":2,"bm":0,"ix":1,"mn":"ADBE Vector Group","hd":false}],"ip":55.1447952270508,"op":95.1047917683919,"st":55.1447952270508,"bm":0},{"ddd":0,"ind":24,"ty":4,"nm":"mat","parent":20,"sr":1,"ks":{"o":{"a":0,"k":100,"ix":11},"r":{"a":0,"k":0,"ix":10},"p":{"a":0,"k":[11.958,48.836,0],"ix":2,"l":2},"a":{"a":0,"k":[-62.274,-143.552,0],"ix":1,"l":2},"s":{"a":0,"k":[100,100,100],"ix":6,"l":2}},"ao":0,"shapes":[{"ty":"gr","it":[{"ind":0,"ty":"sh","ix":1,"ks":{"a":0,"k":{"i":[[7.209,0],[-7.207,0]],"o":[[-7.207,0],[7.209,0]],"v":[[-62.275,-138.116],[-62.275,-148.988]],"c":true},"ix":2},"nm":"Path 2","mn":"ADBE Vector Shape - Group","hd":false},{"ty":"fl","c":{"a":0,"k":[1,1,1,1],"ix":4},"o":{"a":0,"k":100,"ix":5},"r":1,"bm":0,"nm":"Fill 1","mn":"ADBE Vector Graphic - Fill","hd":false},{"ty":"tr","p":{"a":0,"k":[0,0],"ix":2},"a":{"a":0,"k":[0,0],"ix":1},"s":{"a":0,"k":[100,100],"ix":3},"r":{"a":0,"k":0,"ix":6},"o":{"a":0,"k":100,"ix":7},"sk":{"a":0,"k":0,"ix":4},"sa":{"a":0,"k":0,"ix":5},"nm":"Transform"}],"nm":"Group 1","np":2,"cix":2,"bm":0,"ix":1,"mn":"ADBE Vector Group","hd":false}],"ip":0,"op":22.377598063151,"st":0,"bm":0},{"ddd":0,"ind":25,"ty":4,"nm":"Layer 44","parent":20,"sr":1,"ks":{"o":{"a":0,"k":100,"ix":11},"r":{"a":0,"k":0,"ix":10},"p":{"a":0,"k":[61.866,71.914,0],"ix":2,"l":2},"a":{"a":0,"k":[0,0,0],"ix":1,"l":2},"s":{"a":0,"k":[100,100,100],"ix":6,"l":2}},"ao":0,"shapes":[{"ty":"gr","it":[{"ind":0,"ty":"sh","ix":1,"ks":{"a":0,"k":{"i":[[11.066,0],[0.694,0.04],[0.192,12.084],[-1.618,0.023],[-0.024,-1.575],[-8.626,-0.522],[-1.325,9.206],[-1.593,-0.233],[0.224,-1.558]],"o":[[-0.704,0],[-10.957,-0.659],[-0.026,-1.578],[1.585,0.085],[0.135,8.506],[9.003,0.539],[0.224,-1.561],[1.605,0.219],[-1.728,12.036]],"v":[[0.207,10.959],[-1.891,10.894],[-24.92,-8.061],[-22.036,-10.959],[-19.057,-8.152],[-1.531,5.203],[19.085,-7.076],[22.393,-9.506],[24.892,-6.29]],"c":true},"ix":2},"nm":"Path 1","mn":"ADBE Vector Shape - Group","hd":false},{"ty":"fl","c":{"a":0,"k":[0.215686276555,0.196078434587,0.247058823705,1],"ix":4},"o":{"a":0,"k":100,"ix":5},"r":1,"bm":0,"nm":"Fill 1","mn":"ADBE Vector Graphic - Fill","hd":false},{"ty":"tr","p":{"a":0,"k":[0,0],"ix":2},"a":{"a":0,"k":[0,0],"ix":1},"s":{"a":0,"k":[100,100],"ix":3},"r":{"a":0,"k":0,"ix":6},"o":{"a":0,"k":100,"ix":7},"sk":{"a":0,"k":0,"ix":4},"sa":{"a":0,"k":0,"ix":5},"nm":"Transform"}],"nm":"Group 1","np":2,"cix":2,"bm":0,"ix":1,"mn":"ADBE Vector Group","hd":false}],"ip":0,"op":119.999989613637,"st":0,"bm":0},{"ddd":0,"ind":26,"ty":4,"nm":"Layer 63","parent":20,"sr":1,"ks":{"o":{"a":0,"k":100,"ix":11},"r":{"a":0,"k":0,"ix":10},"p":{"a":0,"k":[108.042,48.123,0],"ix":2,"l":2},"a":{"a":0,"k":[0,0,0],"ix":1,"l":2},"s":{"a":0,"k":[100,100,100],"ix":6,"l":2}},"ao":0,"shapes":[{"ty":"gr","it":[{"ind":0,"ty":"sh","ix":1,"ks":{"a":0,"k":{"i":[[0,-7.089],[7.286,0],[0,7.087],[-7.286,0]],"o":[[0,7.087],[-7.286,0],[0,-7.089],[7.286,0]],"v":[[13.193,-0.001],[-0.001,12.832],[-13.193,-0.001],[-0.001,-12.832]],"c":true},"ix":2},"nm":"Path 1","mn":"ADBE Vector Shape - Group","hd":false},{"ty":"fl","c":{"a":0,"k":[0.215686276555,0.196078434587,0.247058823705,1],"ix":4},"o":{"a":0,"k":100,"ix":5},"r":1,"bm":0,"nm":"Fill 1","mn":"ADBE Vector Graphic - Fill","hd":false},{"ty":"tr","p":{"a":0,"k":[0,0],"ix":2},"a":{"a":0,"k":[0,0],"ix":1},"s":{"a":0,"k":[100,100],"ix":3},"r":{"a":0,"k":0,"ix":6},"o":{"a":0,"k":100,"ix":7},"sk":{"a":0,"k":0,"ix":4},"sa":{"a":0,"k":0,"ix":5},"nm":"Transform"}],"nm":"Group 1","np":2,"cix":2,"bm":0,"ix":1,"mn":"ADBE Vector Group","hd":false}],"ip":55.1447952270508,"op":95.1047917683919,"st":55.1447952270508,"bm":0},{"ddd":0,"ind":27,"ty":4,"nm":"Layer 43","parent":20,"sr":1,"ks":{"o":{"a":0,"k":100,"ix":11},"r":{"a":0,"k":0,"ix":10},"p":{"a":0,"k":[108.042,48.123,0],"ix":2,"l":2},"a":{"a":0,"k":[0,0,0],"ix":1,"l":2},"s":{"a":0,"k":[100,100,100],"ix":6,"l":2}},"ao":0,"shapes":[{"ty":"gr","it":[{"ind":0,"ty":"sh","ix":1,"ks":{"a":0,"k":{"i":[[0,-7.089],[7.286,0],[0,7.087],[-7.286,0]],"o":[[0,7.087],[-7.286,0],[0,-7.089],[7.286,0]],"v":[[13.193,-0.001],[-0.001,12.832],[-13.193,-0.001],[-0.001,-12.832]],"c":true},"ix":2},"nm":"Path 1","mn":"ADBE Vector Shape - Group","hd":false},{"ty":"fl","c":{"a":0,"k":[0.215686276555,0.196078434587,0.247058823705,1],"ix":4},"o":{"a":0,"k":100,"ix":5},"r":1,"bm":0,"nm":"Fill 1","mn":"ADBE Vector Graphic - Fill","hd":false},{"ty":"tr","p":{"a":0,"k":[0,0],"ix":2},"a":{"a":0,"k":[0,0],"ix":1},"s":{"a":0,"k":[100,100],"ix":3},"r":{"a":0,"k":0,"ix":6},"o":{"a":0,"k":100,"ix":7},"sk":{"a":0,"k":0,"ix":4},"sa":{"a":0,"k":0,"ix":5},"nm":"Transform"}],"nm":"Group 1","np":2,"cix":2,"bm":0,"ix":1,"mn":"ADBE Vector Group","hd":false}],"ip":0,"op":22.377598063151,"st":0,"bm":0},{"ddd":0,"ind":28,"ty":4,"nm":"Layer 62","parent":20,"sr":1,"ks":{"o":{"a":0,"k":100,"ix":11},"r":{"a":0,"k":0,"ix":10},"p":{"a":0,"k":[12.025,48.123,0],"ix":2,"l":2},"a":{"a":0,"k":[0,0,0],"ix":1,"l":2},"s":{"a":0,"k":[100,100,100],"ix":6,"l":2}},"ao":0,"shapes":[{"ty":"gr","it":[{"ind":0,"ty":"sh","ix":1,"ks":{"a":0,"k":{"i":[[7.286,0],[0,-7.089],[-7.288,0],[0,7.087]],"o":[[-7.288,0],[0,7.087],[7.286,0],[0,-7.089]],"v":[[0.001,-12.832],[-13.193,-0.001],[0.001,12.832],[13.193,-0.001]],"c":true},"ix":2},"nm":"Path 1","mn":"ADBE Vector Shape - Group","hd":false},{"ty":"fl","c":{"a":0,"k":[0.215686276555,0.196078434587,0.247058823705,1],"ix":4},"o":{"a":0,"k":100,"ix":5},"r":1,"bm":0,"nm":"Fill 1","mn":"ADBE Vector Graphic - Fill","hd":false},{"ty":"tr","p":{"a":0,"k":[0,0],"ix":2},"a":{"a":0,"k":[0,0],"ix":1},"s":{"a":0,"k":[100,100],"ix":3},"r":{"a":0,"k":0,"ix":6},"o":{"a":0,"k":100,"ix":7},"sk":{"a":0,"k":0,"ix":4},"sa":{"a":0,"k":0,"ix":5},"nm":"Transform"}],"nm":"Group 1","np":2,"cix":2,"bm":0,"ix":1,"mn":"ADBE Vector Group","hd":false}],"ip":55.1447952270508,"op":95.1047917683919,"st":55.1447952270508,"bm":0},{"ddd":0,"ind":29,"ty":4,"nm":"Layer 42","parent":20,"sr":1,"ks":{"o":{"a":0,"k":100,"ix":11},"r":{"a":0,"k":0,"ix":10},"p":{"a":0,"k":[12.025,48.123,0],"ix":2,"l":2},"a":{"a":0,"k":[0,0,0],"ix":1,"l":2},"s":{"a":0,"k":[100,100,100],"ix":6,"l":2}},"ao":0,"shapes":[{"ty":"gr","it":[{"ind":0,"ty":"sh","ix":1,"ks":{"a":0,"k":{"i":[[7.286,0],[0,-7.089],[-7.288,0],[0,7.087]],"o":[[-7.288,0],[0,7.087],[7.286,0],[0,-7.089]],"v":[[0.001,-12.832],[-13.193,-0.001],[0.001,12.832],[13.193,-0.001]],"c":true},"ix":2},"nm":"Path 1","mn":"ADBE Vector Shape - Group","hd":false},{"ty":"fl","c":{"a":0,"k":[0.215686276555,0.196078434587,0.247058823705,1],"ix":4},"o":{"a":0,"k":100,"ix":5},"r":1,"bm":0,"nm":"Fill 1","mn":"ADBE Vector Graphic - Fill","hd":false},{"ty":"tr","p":{"a":0,"k":[0,0],"ix":2},"a":{"a":0,"k":[0,0],"ix":1},"s":{"a":0,"k":[100,100],"ix":3},"r":{"a":0,"k":0,"ix":6},"o":{"a":0,"k":100,"ix":7},"sk":{"a":0,"k":0,"ix":4},"sa":{"a":0,"k":0,"ix":5},"nm":"Transform"}],"nm":"Group 1","np":2,"cix":2,"bm":0,"ix":1,"mn":"ADBE Vector Group","hd":false}],"ip":0,"op":22.377598063151,"st":0,"bm":0},{"ddd":0,"ind":30,"ty":4,"nm":"Layer 41","parent":31,"sr":1,"ks":{"o":{"a":0,"k":100,"ix":11},"r":{"a":0,"k":0,"ix":10},"p":{"a":0,"k":[4.471,8.777,0],"ix":2,"l":2},"a":{"a":0,"k":[0,0,0],"ix":1,"l":2},"s":{"a":0,"k":[100,100,100],"ix":6,"l":2}},"ao":0,"shapes":[{"ty":"gr","it":[{"ind":0,"ty":"sh","ix":1,"ks":{"a":0,"k":{"i":[[6.185,-46.654],[0.088,-0.57],[8.356,-5.988],[14.161,22.953],[1.935,7.87],[-18.853,13.514],[-2.638,18.595],[-0.09,0.573],[8.501,29.569],[-0.646,-0.996]],"o":[[-0.089,0.565],[-2.638,18.592],[-19.877,14.258],[-2.228,-3.621],[28.352,18.932],[8.354,-5.991],[0.09,-0.57],[4.896,-36.985],[0.996,0.914],[12.724,19.645]],"v":[[114.131,42.52],[113.895,44.229],[97.8,83.495],[-109.831,81.525],[-116.134,63.933],[88.039,62.593],[104.133,23.327],[104.368,21.616],[96.159,-96.521],[98.621,-93.669]],"c":true},"ix":2},"nm":"Path 1","mn":"ADBE Vector Shape - Group","hd":false},{"ty":"fl","c":{"a":0,"k":[0.592156887054,0.729411780834,0.098039217293,1],"ix":4},"o":{"a":0,"k":100,"ix":5},"r":1,"bm":0,"nm":"Fill 1","mn":"ADBE Vector Graphic - Fill","hd":false},{"ty":"tr","p":{"a":0,"k":[0,0],"ix":2},"a":{"a":0,"k":[0,0],"ix":1},"s":{"a":0,"k":[100,100],"ix":3},"r":{"a":0,"k":0,"ix":6},"o":{"a":0,"k":100,"ix":7},"sk":{"a":0,"k":0,"ix":4},"sa":{"a":0,"k":0,"ix":5},"nm":"Transform"}],"nm":"Group 1","np":2,"cix":2,"bm":0,"ix":1,"mn":"ADBE Vector Group","hd":false}],"ip":0,"op":119.999989613637,"st":0,"bm":0},{"ddd":0,"ind":31,"ty":4,"nm":"HEAD","parent":38,"sr":1,"ks":{"o":{"a":0,"k":100,"ix":11},"r":{"a":1,"k":[{"i":{"x":[0.667],"y":[1]},"o":{"x":[0.333],"y":[0]},"t":0,"s":[0]},{"i":{"x":[0.667],"y":[1]},"o":{"x":[0.333],"y":[0]},"t":11.189,"s":[0]},{"i":{"x":[0.667],"y":[1]},"o":{"x":[0.333],"y":[0]},"t":32.767,"s":[7]},{"t":54.3459952961893,"s":[0]}],"ix":10},"p":{"a":1,"k":[{"i":{"x":0.667,"y":1},"o":{"x":0.333,"y":0},"t":0.8,"s":[0.006,-84.502,0],"to":[0,4.333,0],"ti":[0.5,-2.5,0]},{"i":{"x":0.667,"y":1},"o":{"x":0.167,"y":0},"t":11.2,"s":[0.006,-58.502,0],"to":[-0.5,2.5,0],"ti":[0,1.833,0]},{"i":{"x":0.667,"y":1},"o":{"x":0.167,"y":0},"t":32.767,"s":[-2.994,-69.502,0],"to":[0,-1.833,0],"ti":[-0.5,0,0]},{"t":54.4009952914289,"s":[0.006,-69.502,0]}],"ix":2,"l":2},"a":{"a":0,"k":[0,105.298,0],"ix":1,"l":2},"s":{"a":0,"k":[100,100,100],"ix":6,"l":2}},"ao":0,"shapes":[{"ty":"gr","it":[{"ind":0,"ty":"sh","ix":1,"ks":{"a":0,"k":{"i":[[6.185,-46.653],[0.088,-0.57],[8.356,-5.988],[14.161,22.953],[2.756,17.309],[0.09,0.565],[-18.5,19.131],[-19.261,3.425],[-3.284,0.46],[-31.753,-3.366],[-2.991,-0.429],[-5.307,-8.216]],"o":[[-0.089,0.565],[-2.638,18.592],[-19.877,14.258],[-3.841,-6.243],[-0.09,-0.57],[-7.211,-46.537],[6.421,-6.615],[3.079,-0.539],[31.077,-4.388],[3.166,0.312],[23.513,3.252],[12.724,19.645]],"v":[[118.602,51.297],[118.366,53.006],[102.27,92.272],[-105.36,90.303],[-115.591,53.006],[-115.857,51.297],[-105.36,-84.892],[-64.608,-100.006],[-55.05,-101.519],[46.89,-103.142],[56.153,-102.03],[103.092,-84.892]],"c":true},"ix":2},"nm":"Path 1","mn":"ADBE Vector Shape - Group","hd":false},{"ty":"fl","c":{"a":0,"k":[0.639215707779,0.807843148708,0.1254902035,1],"ix":4},"o":{"a":0,"k":100,"ix":5},"r":1,"bm":0,"nm":"Fill 1","mn":"ADBE Vector Graphic - Fill","hd":false},{"ty":"tr","p":{"a":0,"k":[0,0],"ix":2},"a":{"a":0,"k":[0,0],"ix":1},"s":{"a":0,"k":[100,100],"ix":3},"r":{"a":0,"k":0,"ix":6},"o":{"a":0,"k":100,"ix":7},"sk":{"a":0,"k":0,"ix":4},"sa":{"a":0,"k":0,"ix":5},"nm":"Transform"}],"nm":"Group 1","np":2,"cix":2,"bm":0,"ix":1,"mn":"ADBE Vector Group","hd":false}],"ip":0,"op":119.999989613637,"st":0,"bm":0},{"ddd":0,"ind":32,"ty":4,"nm":"Layer 50","parent":38,"sr":1,"ks":{"o":{"a":0,"k":100,"ix":11},"r":{"a":0,"k":0,"ix":10},"p":{"a":0,"k":[-97.159,-3.706,0],"ix":2,"l":2},"a":{"a":0,"k":[0,0,0],"ix":1,"l":2},"s":{"a":0,"k":[100,100,100],"ix":6,"l":2}},"ao":0,"shapes":[{"ty":"gr","it":[{"ind":0,"ty":"sh","ix":1,"ks":{"a":0,"k":{"i":[[2.998,-8.667],[-12.684,-39.031],[2.856,8.795],[-12.636,36.536]],"o":[[-13.402,38.755],[2.839,8.733],[-11.964,-36.809],[3.022,-8.741]],"v":[[-2.012,-60.018],[-3.478,59.974],[10.658,56.18],[12.124,-56.224]],"c":true},"ix":2},"nm":"Path 1","mn":"ADBE Vector Shape - Group","hd":false},{"ty":"fl","c":{"a":0,"k":[0.639215707779,0.807843148708,0.1254902035,1],"ix":4},"o":{"a":0,"k":100,"ix":5},"r":1,"bm":0,"nm":"Fill 1","mn":"ADBE Vector Graphic - Fill","hd":false},{"ty":"tr","p":{"a":0,"k":[0,0],"ix":2},"a":{"a":0,"k":[0,0],"ix":1},"s":{"a":0,"k":[100,100],"ix":3},"r":{"a":0,"k":0,"ix":6},"o":{"a":0,"k":100,"ix":7},"sk":{"a":0,"k":0,"ix":4},"sa":{"a":0,"k":0,"ix":5},"nm":"Transform"}],"nm":"Group 1","np":2,"cix":2,"bm":2,"ix":1,"mn":"ADBE Vector Group","hd":false}],"ip":0,"op":119.999989613637,"st":0,"bm":2},{"ddd":0,"ind":33,"ty":4,"nm":"Layer 46","parent":38,"sr":1,"ks":{"o":{"a":0,"k":100,"ix":11},"r":{"a":0,"k":0,"ix":10},"p":{"a":0,"k":[15.616,-73.68,0],"ix":2,"l":2},"a":{"a":0,"k":[0,0,0],"ix":1,"l":2},"s":{"a":0,"k":[100,100,100],"ix":6,"l":2}},"ao":0,"shapes":[{"ty":"gr","it":[{"ind":0,"ty":"sh","ix":1,"ks":{"a":0,"k":{"i":[[2.793,10.296],[-1.449,-5.338],[1.471,-8.923],[8.197,1.586],[-5.561,-1.076],[-7.04,11.449]],"o":[[-1.444,-5.33],[2.357,8.699],[-1.792,10.864],[-5.538,-1.067],[11.671,2.256],[5.98,-9.731]],"v":[[33.295,51.033],[24.815,53.306],[26.816,80.953],[-1.049,88.914],[-3.387,97.164],[33.499,88.446]],"c":true},"ix":2},"nm":"Path 1","mn":"ADBE Vector Shape - Group","hd":false},{"ind":1,"ty":"sh","ix":2,"ks":{"a":0,"k":{"i":[[5.523,-1.252],[-2.321,-16.809],[0.751,5.446],[-26.39,5.968]],"o":[[-20.971,4.745],[0.746,5.389],[-2.988,-21.614],[5.519,-1.251]],"v":[[-46.003,45.836],[-62.478,86.201],[-70.958,88.474],[-48.341,37.589]],"c":true},"ix":2},"nm":"Path 2","mn":"ADBE Vector Shape - Group","hd":false},{"ty":"fl","c":{"a":0,"k":[0.956862747669,0.898039221764,0.823529422283,1],"ix":4},"o":{"a":0,"k":100,"ix":5},"r":1,"bm":0,"nm":"Fill 1","mn":"ADBE Vector Graphic - Fill","hd":false},{"ty":"tr","p":{"a":0,"k":[0,0],"ix":2},"a":{"a":0,"k":[0,0],"ix":1},"s":{"a":0,"k":[100,100],"ix":3},"r":{"a":0,"k":0,"ix":6},"o":{"a":0,"k":100,"ix":7},"sk":{"a":0,"k":0,"ix":4},"sa":{"a":0,"k":0,"ix":5},"nm":"Transform"}],"nm":"Group 1","np":3,"cix":2,"bm":2,"ix":1,"mn":"ADBE Vector Group","hd":false}],"ip":0,"op":119.999989613637,"st":0,"bm":2},{"ddd":0,"ind":34,"ty":4,"nm":"Layer 40","parent":38,"sr":1,"ks":{"o":{"a":0,"k":100,"ix":11},"r":{"a":0,"k":0,"ix":10},"p":{"a":0,"k":[15.616,-73.68,0],"ix":2,"l":2},"a":{"a":0,"k":[0,0,0],"ix":1,"l":2},"s":{"a":0,"k":[100,100,100],"ix":6,"l":2}},"ao":0,"shapes":[{"ty":"gr","it":[{"ind":0,"ty":"sh","ix":1,"ks":{"a":0,"k":{"i":[[7.824,-11.764],[8.941,10.691],[-8.381,10.154],[-11.735,-12.297]],"o":[[-7.821,11.761],[-8.941,-10.696],[8.382,-10.16],[11.736,12.3]],"v":[[40.038,101.007],[-76.193,101.007],[-76.193,36.318],[40.038,36.318]],"c":true},"ix":2},"nm":"Path 1","mn":"ADBE Vector Shape - Group","hd":false},{"ind":1,"ty":"sh","ix":2,"ks":{"a":0,"k":{"i":[[14.147,14.823],[10.103,-12.243],[-10.777,-12.89],[-9.429,14.179]],"o":[[-14.145,-14.823],[-10.103,12.246],[10.779,12.89],[9.432,-14.179]],"v":[[51.885,29.671],[-88.228,29.671],[-88.228,107.65],[51.885,107.65]],"c":true},"ix":2},"nm":"Path 2","mn":"ADBE Vector Shape - Group","hd":false},{"ty":"fl","c":{"a":0,"k":[0.188235297799,0.211764708161,0.223529413342,1],"ix":4},"o":{"a":0,"k":100,"ix":5},"r":1,"bm":0,"nm":"Fill 1","mn":"ADBE Vector Graphic - Fill","hd":false},{"ty":"tr","p":{"a":0,"k":[0,0],"ix":2},"a":{"a":0,"k":[0,0],"ix":1},"s":{"a":0,"k":[100,100],"ix":3},"r":{"a":0,"k":0,"ix":6},"o":{"a":0,"k":100,"ix":7},"sk":{"a":0,"k":0,"ix":4},"sa":{"a":0,"k":0,"ix":5},"nm":"Transform"}],"nm":"Group 1","np":3,"cix":2,"bm":0,"ix":1,"mn":"ADBE Vector Group","hd":false}],"ip":0,"op":119.999989613637,"st":0,"bm":0},{"ddd":0,"ind":35,"ty":4,"nm":"Layer 39","parent":38,"sr":1,"ks":{"o":{"a":0,"k":50,"ix":11},"r":{"a":0,"k":0,"ix":10},"p":{"a":0,"k":[15.616,-73.68,0],"ix":2,"l":2},"a":{"a":0,"k":[0,0,0],"ix":1,"l":2},"s":{"a":0,"k":[100,100,100],"ix":6,"l":2}},"ao":0,"shapes":[{"ty":"gr","it":[{"ind":0,"ty":"sh","ix":1,"ks":{"a":0,"k":{"i":[[7.824,-11.76],[8.94,10.691],[-8.382,10.157],[-11.735,-12.297]],"o":[[-7.823,11.761],[-8.941,-10.696],[8.382,-10.157],[11.735,12.3]],"v":[[43.703,103.143],[-72.528,103.143],[-72.528,38.455],[43.703,38.455]],"c":true},"ix":2},"nm":"Path 1","mn":"ADBE Vector Shape - Group","hd":false},{"ind":1,"ty":"sh","ix":2,"ks":{"a":0,"k":{"i":[[14.146,14.823],[10.103,-12.243],[-10.777,-12.89],[-9.429,14.179]],"o":[[-14.146,-14.823],[-10.105,12.246],[10.777,12.89],[9.431,-14.179]],"v":[[55.55,31.811],[-84.562,31.811],[-84.562,109.79],[55.55,109.79]],"c":true},"ix":2},"nm":"Path 2","mn":"ADBE Vector Shape - Group","hd":false},{"ty":"fl","c":{"a":0,"k":[0.188235297799,0.211764708161,0.223529413342,1],"ix":4},"o":{"a":0,"k":100,"ix":5},"r":1,"bm":0,"nm":"Fill 1","mn":"ADBE Vector Graphic - Fill","hd":false},{"ty":"tr","p":{"a":0,"k":[0,0],"ix":2},"a":{"a":0,"k":[0,0],"ix":1},"s":{"a":0,"k":[100,100],"ix":3},"r":{"a":0,"k":0,"ix":6},"o":{"a":0,"k":100,"ix":7},"sk":{"a":0,"k":0,"ix":4},"sa":{"a":0,"k":0,"ix":5},"nm":"Transform"}],"nm":"Group 1","np":3,"cix":2,"bm":1,"ix":1,"mn":"ADBE Vector Group","hd":false}],"ip":0,"op":119.999989613637,"st":0,"bm":1},{"ddd":0,"ind":36,"ty":4,"nm":"Layer 38","parent":38,"sr":1,"ks":{"o":{"a":0,"k":100,"ix":11},"r":{"a":0,"k":0,"ix":10},"p":{"a":0,"k":[15.616,-73.68,0],"ix":2,"l":2},"a":{"a":0,"k":[0,0,0],"ix":1,"l":2},"s":{"a":0,"k":[100,100,100],"ix":6,"l":2}},"ao":0,"shapes":[{"ty":"gr","it":[{"ind":0,"ty":"sh","ix":1,"ks":{"a":0,"k":{"i":[[7.824,-11.764],[8.941,10.691],[-8.381,10.154],[-11.735,-12.297]],"o":[[-7.821,11.761],[-8.941,-10.696],[8.382,-10.16],[11.736,12.3]],"v":[[40.038,101.007],[-76.193,101.007],[-76.193,36.318],[40.038,36.318]],"c":true},"ix":2},"nm":"Path 1","mn":"ADBE Vector Shape - Group","hd":false},{"ind":1,"ty":"sh","ix":2,"ks":{"a":0,"k":{"i":[[14.147,14.823],[10.103,-12.243],[-10.777,-12.89],[-9.429,14.179]],"o":[[-14.145,-14.823],[-10.103,12.246],[10.779,12.89],[9.432,-14.179]],"v":[[51.885,29.671],[-88.228,29.671],[-88.228,107.65],[51.885,107.65]],"c":true},"ix":2},"nm":"Path 2","mn":"ADBE Vector Shape - Group","hd":false},{"ty":"fl","c":{"a":0,"k":[0.188235297799,0.211764708161,0.223529413342,1],"ix":4},"o":{"a":0,"k":100,"ix":5},"r":1,"bm":0,"nm":"Fill 1","mn":"ADBE Vector Graphic - Fill","hd":false},{"ty":"tr","p":{"a":0,"k":[0,0],"ix":2},"a":{"a":0,"k":[0,0],"ix":1},"s":{"a":0,"k":[100,100],"ix":3},"r":{"a":0,"k":0,"ix":6},"o":{"a":0,"k":100,"ix":7},"sk":{"a":0,"k":0,"ix":4},"sa":{"a":0,"k":0,"ix":5},"nm":"Transform"}],"nm":"Group 1","np":3,"cix":2,"bm":0,"ix":1,"mn":"ADBE Vector Group","hd":false}],"ip":0,"op":119.999989613637,"st":0,"bm":0},{"ddd":0,"ind":37,"ty":4,"nm":"Layer 37","parent":38,"sr":1,"ks":{"o":{"a":0,"k":100,"ix":11},"r":{"a":0,"k":0,"ix":10},"p":{"a":0,"k":[15.616,-73.68,0],"ix":2,"l":2},"a":{"a":0,"k":[0,0,0],"ix":1,"l":2},"s":{"a":0,"k":[100,100,100],"ix":6,"l":2}},"ao":0,"shapes":[{"ty":"gr","it":[{"ind":0,"ty":"sh","ix":1,"ks":{"a":0,"k":{"i":[[14.147,14.823],[10.103,-12.243],[-10.777,-12.89],[-9.429,14.179]],"o":[[-14.145,-14.823],[-10.103,12.246],[10.779,12.89],[9.432,-14.179]],"v":[[51.885,29.671],[-88.228,29.671],[-88.228,107.65],[51.885,107.65]],"c":true},"ix":2},"nm":"Path 1","mn":"ADBE Vector Shape - Group","hd":false},{"ty":"fl","c":{"a":0,"k":[0.956862747669,0.898039221764,0.823529422283,1],"ix":4},"o":{"a":0,"k":100,"ix":5},"r":1,"bm":0,"nm":"Fill 1","mn":"ADBE Vector Graphic - Fill","hd":false},{"ty":"tr","p":{"a":0,"k":[0,0],"ix":2},"a":{"a":0,"k":[0,0],"ix":1},"s":{"a":0,"k":[100,100],"ix":3},"r":{"a":0,"k":0,"ix":6},"o":{"a":0,"k":100,"ix":7},"sk":{"a":0,"k":0,"ix":4},"sa":{"a":0,"k":0,"ix":5},"nm":"Transform"}],"nm":"Group 1","np":2,"cix":2,"bm":0,"ix":1,"mn":"ADBE Vector Group","hd":false}],"ip":0,"op":119.999989613637,"st":0,"bm":0},{"ddd":0,"ind":38,"ty":4,"nm":"BODY","parent":9,"sr":1,"ks":{"o":{"a":0,"k":100,"ix":11},"r":{"a":0,"k":0,"ix":10},"p":{"a":1,"k":[{"i":{"x":0.872,"y":1},"o":{"x":1,"y":0},"t":0,"s":[78.636,152.659,0],"to":[0,5.333,0],"ti":[0,29.833,0]},{"i":{"x":0,"y":1},"o":{"x":0.351,"y":0},"t":10.4,"s":[78.636,184.659,0],"to":[0,-29.833,0],"ti":[0,4.333,0]},{"i":{"x":0.756,"y":1},"o":{"x":0.932,"y":0},"t":32.001,"s":[78.636,-26.341,0],"to":[0,-4.333,0],"ti":[0,-33.333,0]},{"i":{"x":0.756,"y":1},"o":{"x":0.167,"y":0},"t":54.401,"s":[78.636,158.659,0],"to":[0,33.333,0],"ti":[0,1,0]},{"i":{"x":0.833,"y":1},"o":{"x":0.167,"y":0},"t":59.141,"s":[78.636,173.659,0],"to":[0,-1,0],"ti":[0,3.5,0]},{"t":63.9359944661458,"s":[78.636,152.659,0]}],"ix":2,"l":2},"a":{"a":0,"k":[0,104.353,0],"ix":1,"l":2},"s":{"a":0,"k":[100,100,100],"ix":6,"l":2}},"ao":0,"shapes":[{"ty":"gr","it":[{"ind":0,"ty":"sh","ix":1,"ks":{"a":0,"k":{"i":[[3.137,-45.399],[9.791,-7.359],[13.282,22.724],[2.699,23.382],[-15.978,17.397],[-0.117,0.088],[-13.75,3.224],[-37.412,-6.499],[-4.954,-7.016],[-0.146,-0.23]],"o":[[-1.73,24.949],[-18.648,14.142],[-4.515,-7.759],[-5.188,-45.422],[0.088,-0.083],[5.101,-5.386],[35.065,-8.239],[18.557,3.224],[0.176,0.221],[10.936,17.766]],"v":[[112.597,38.375],[96.063,91.442],[-98.934,89.504],[-110.397,38.857],[-98.934,-84.127],[-98.669,-84.385],[-69.235,-97.3],[58.74,-100.153],[96.354,-84.808],[96.823,-84.127]],"c":true},"ix":2},"nm":"Path 1","mn":"ADBE Vector Shape - Group","hd":false},{"ty":"fl","c":{"a":0,"k":[0.639215707779,0.807843148708,0.1254902035,1],"ix":4},"o":{"a":0,"k":100,"ix":5},"r":1,"bm":0,"nm":"Fill 1","mn":"ADBE Vector Graphic - Fill","hd":false},{"ty":"tr","p":{"a":0,"k":[0,0],"ix":2},"a":{"a":0,"k":[0,0],"ix":1},"s":{"a":0,"k":[100,100],"ix":3},"r":{"a":0,"k":0,"ix":6},"o":{"a":0,"k":100,"ix":7},"sk":{"a":0,"k":0,"ix":4},"sa":{"a":0,"k":0,"ix":5},"nm":"Transform"}],"nm":"Group 1","np":2,"cix":2,"bm":0,"ix":1,"mn":"ADBE Vector Group","hd":false}],"ip":0,"op":119.999989613637,"st":0,"bm":0},{"ddd":0,"ind":39,"ty":4,"nm":"Merged Shape Layer","parent":55,"sr":1,"ks":{"o":{"a":0,"k":100,"ix":11},"r":{"a":1,"k":[{"i":{"x":[0.667],"y":[1]},"o":{"x":[0.333],"y":[0]},"t":0,"s":[41]},{"i":{"x":[0.667],"y":[1]},"o":{"x":[0.333],"y":[0]},"t":10.39,"s":[41]},{"i":{"x":[0.833],"y":[1]},"o":{"x":[0.333],"y":[0]},"t":22.378,"s":[44]},{"t":54.3459952961893,"s":[44]}],"ix":10},"p":{"a":1,"k":[{"i":{"x":0.667,"y":1},"o":{"x":0.333,"y":0},"t":10.4,"s":[-240.678,-44.409,0],"to":[14.223,-18.961,0],"ti":[0,0,0]},{"i":{"x":0.667,"y":1},"o":{"x":0.333,"y":0},"t":22.401,"s":[-155.338,-158.173,0],"to":[0,0,0],"ti":[14.223,-18.961,0]},{"t":54.4009952914289,"s":[-240.678,-44.409,0]}],"ix":2,"l":2},"a":{"a":0,"k":[301.573,498.716,0],"ix":1,"l":2},"s":{"a":0,"k":[100,100,100],"ix":6,"l":2}},"ao":0,"shapes":[{"ty":"gr","it":[{"ty":"gr","it":[{"ind":0,"ty":"sh","ix":1,"ks":{"a":0,"k":{"i":[[11.236,-15.167],[9.717,7.158],[1.037,3.594],[-10.565,14.352],[2.484,8.788],[-0.521,-0.409]],"o":[[-11.2,15.21],[-2.818,-2.075],[9.901,5.377],[7.976,-10.794],[0.596,0.334],[9.753,7.158]],"v":[[17.187,12.059],[-20.713,26.598],[-26.46,17.921],[9.768,2.345],[18.189,-29.51],[19.858,-28.437]],"c":true},"ix":2},"nm":"Path 1","mn":"ADBE Vector Shape - Group","hd":false},{"ty":"fl","c":{"a":0,"k":[0.592156887054,0.729411780834,0.098039217293,1],"ix":4},"o":{"a":0,"k":100,"ix":5},"r":1,"bm":0,"nm":"Fill 1","mn":"ADBE Vector Graphic - Fill","hd":false},{"ty":"tr","p":{"a":0,"k":[0,0],"ix":2},"a":{"a":0,"k":[0,0],"ix":1},"s":{"a":0,"k":[100,100],"ix":3},"r":{"a":0,"k":0,"ix":6},"o":{"a":0,"k":100,"ix":7},"sk":{"a":0,"k":0,"ix":4},"sa":{"a":0,"k":0,"ix":5},"nm":"Transform"}],"nm":"Group 1","np":2,"cix":2,"bm":0,"ix":1,"mn":"ADBE Vector Group","hd":false},{"ty":"tr","p":{"a":0,"k":[301.997,499.644],"ix":2},"a":{"a":0,"k":[0,0],"ix":1},"s":{"a":0,"k":[100,100],"ix":3},"r":{"a":0,"k":0,"ix":6},"o":{"a":0,"k":100,"ix":7},"sk":{"a":0,"k":0,"ix":4},"sa":{"a":0,"k":0,"ix":5},"nm":"Transform"}],"nm":"Layer 30","np":1,"cix":2,"bm":0,"ix":1,"mn":"ADBE Vector Group","hd":false},{"ty":"gr","it":[{"ty":"gr","it":[{"ind":0,"ty":"sh","ix":1,"ks":{"a":0,"k":{"i":[[9.739,7.176],[11.214,-15.199],[-9.739,-7.187],[-11.203,15.202]],"o":[[-9.739,-7.183],[-11.196,15.192],[9.739,7.179],[11.207,-15.192]],"v":[[20.288,-27.513],[-17.637,-12.999],[-20.29,27.515],[17.632,12.994]],"c":true},"ix":2},"nm":"Path 1","mn":"ADBE Vector Shape - Group","hd":false},{"ty":"fl","c":{"a":0,"k":[0.639215707779,0.807843148708,0.1254902035,1],"ix":4},"o":{"a":0,"k":100,"ix":5},"r":1,"bm":0,"nm":"Fill 1","mn":"ADBE Vector Graphic - Fill","hd":false},{"ty":"tr","p":{"a":0,"k":[0,0],"ix":2},"a":{"a":0,"k":[0,0],"ix":1},"s":{"a":0,"k":[100,100],"ix":3},"r":{"a":0,"k":0,"ix":6},"o":{"a":0,"k":100,"ix":7},"sk":{"a":0,"k":0,"ix":4},"sa":{"a":0,"k":0,"ix":5},"nm":"Transform"}],"nm":"Group 1","np":2,"cix":2,"bm":0,"ix":1,"mn":"ADBE Vector Group","hd":false},{"ty":"tr","p":{"a":0,"k":[301.571,498.716],"ix":2},"a":{"a":0,"k":[0,0],"ix":1},"s":{"a":0,"k":[100,100],"ix":3},"r":{"a":0,"k":0,"ix":6},"o":{"a":0,"k":100,"ix":7},"sk":{"a":0,"k":0,"ix":4},"sa":{"a":0,"k":0,"ix":5},"nm":"Transform"}],"nm":"Layer 29","np":1,"cix":2,"bm":0,"ix":2,"mn":"ADBE Vector Group","hd":false}],"ip":0,"op":119.999989613637,"st":0,"bm":0},{"ddd":0,"ind":40,"ty":4,"nm":"Layer 28 - Group 1","parent":39,"sr":1,"ks":{"o":{"a":0,"k":100,"ix":11},"r":{"a":1,"k":[{"i":{"x":[0.667],"y":[1]},"o":{"x":[0.333],"y":[0]},"t":0,"s":[0]},{"i":{"x":[0.667],"y":[1]},"o":{"x":[0.333],"y":[0]},"t":10.39,"s":[0]},{"t":22.3779980631164,"s":[-8]}],"ix":10},"p":{"a":1,"k":[{"i":{"x":0.667,"y":1},"o":{"x":0.333,"y":0},"t":0,"s":[286.547,514.313,0],"to":[-1.1,0.01,0],"ti":[1.1,-0.01,0]},{"t":10.3899991007141,"s":[279.949,514.37,0]}],"ix":2,"l":2},"a":{"a":0,"k":[274.442,510.998,0],"ix":1,"l":2},"s":{"a":0,"k":[100,100,100],"ix":6,"l":2}},"ao":0,"shapes":[{"ty":"gr","it":[{"ind":0,"ty":"sh","ix":1,"ks":{"a":0,"k":{"i":[[0,0],[0,0],[5.191,1.666],[-7.291,1.716]],"o":[[0,0],[-5.008,2.157],[-7.56,-2.43],[3.263,-0.765]],"v":[[11.814,-5.078],[11.247,2.96],[-6.422,4.155],[-6.056,-3.972]],"c":true},"ix":2},"nm":"Path 1","mn":"ADBE Vector Shape - Group","hd":false},{"ty":"fl","c":{"a":0,"k":[0.180392161012,0.211764708161,0.223529413342,1],"ix":4},"o":{"a":0,"k":100,"ix":5},"r":1,"bm":0,"nm":"Fill 1","mn":"ADBE Vector Graphic - Fill","hd":false},{"ty":"tr","p":{"a":0,"k":[266.192,512.373],"ix":2},"a":{"a":0,"k":[0,0],"ix":1},"s":{"a":0,"k":[100,100],"ix":3},"r":{"a":0,"k":0,"ix":6},"o":{"a":0,"k":100,"ix":7},"sk":{"a":0,"k":0,"ix":4},"sa":{"a":0,"k":0,"ix":5},"nm":"Transform"}],"nm":"Group 1","np":2,"cix":2,"bm":0,"ix":1,"mn":"ADBE Vector Group","hd":false}],"ip":0,"op":119.999989613637,"st":0,"bm":0},{"ddd":0,"ind":41,"ty":4,"nm":"Layer 28 - Group 2","parent":39,"sr":1,"ks":{"o":{"a":0,"k":100,"ix":11},"r":{"a":1,"k":[{"i":{"x":[0.667],"y":[1]},"o":{"x":[0.333],"y":[0]},"t":0,"s":[0]},{"i":{"x":[0.667],"y":[1]},"o":{"x":[0.333],"y":[0]},"t":10.39,"s":[0]},{"t":22.3779980631164,"s":[6]}],"ix":10},"p":{"a":1,"k":[{"i":{"x":0.667,"y":1},"o":{"x":0.333,"y":0},"t":0,"s":[289.781,499.427,0],"to":[-1.328,-0.345,0],"ti":[1.328,0.345,0]},{"t":10.3899991007141,"s":[281.815,497.358,0]}],"ix":2,"l":2},"a":{"a":0,"k":[277.518,497.31,0],"ix":1,"l":2},"s":{"a":0,"k":[100,100,100],"ix":6,"l":2}},"ao":0,"shapes":[{"ty":"gr","it":[{"ind":0,"ty":"sh","ix":1,"ks":{"a":0,"k":{"i":[[-5.202,-3.949],[0,0],[-5.381,6.713]],"o":[[0,0],[-4.117,1.066],[3.819,-4.771]],"v":[[12.676,-1.192],[10.268,4.95],[-11.877,-2.495]],"c":true},"ix":2},"nm":"Path 1","mn":"ADBE Vector Shape - Group","hd":false},{"ty":"fl","c":{"a":0,"k":[0.180392161012,0.211764708161,0.223529413342,1],"ix":4},"o":{"a":0,"k":100,"ix":5},"r":1,"bm":0,"nm":"Fill 1","mn":"ADBE Vector Graphic - Fill","hd":false},{"ty":"tr","p":{"a":0,"k":[269.268,495.435],"ix":2},"a":{"a":0,"k":[0,0],"ix":1},"s":{"a":0,"k":[100,100],"ix":3},"r":{"a":0,"k":0,"ix":6},"o":{"a":0,"k":100,"ix":7},"sk":{"a":0,"k":0,"ix":4},"sa":{"a":0,"k":0,"ix":5},"nm":"Transform"}],"nm":"Group 2","np":2,"cix":2,"bm":0,"ix":1,"mn":"ADBE Vector Group","hd":false}],"ip":0,"op":119.999989613637,"st":0,"bm":0},{"ddd":0,"ind":42,"ty":4,"nm":"Layer 28 - Group 3","parent":39,"sr":1,"ks":{"o":{"a":0,"k":100,"ix":11},"r":{"a":1,"k":[{"i":{"x":[0.667],"y":[1]},"o":{"x":[0.333],"y":[0]},"t":0,"s":[0]},{"i":{"x":[0.667],"y":[1]},"o":{"x":[0.333],"y":[0]},"t":10.39,"s":[0]},{"t":22.3779980631164,"s":[4]}],"ix":10},"p":{"a":1,"k":[{"i":{"x":0.667,"y":1},"o":{"x":0.333,"y":0},"t":0,"s":[296.404,492.161,0],"to":[-1.513,-1.031,0],"ti":[1.513,1.031,0]},{"t":10.3899991007141,"s":[287.327,485.977,0]}],"ix":2,"l":2},"a":{"a":0,"k":[282.604,483.195,0],"ix":1,"l":2},"s":{"a":0,"k":[100,100,100],"ix":6,"l":2}},"ao":0,"shapes":[{"ty":"gr","it":[{"ind":0,"ty":"sh","ix":1,"ks":{"a":0,"k":{"i":[[-2.52,-6.433],[0,0],[-8.02,4.566]],"o":[[0,0],[-4.067,-1.371],[6.896,-3.916]],"v":[[13.056,4.063],[10.119,9.1],[-11.509,-8.2]],"c":true},"ix":2},"nm":"Path 1","mn":"ADBE Vector Shape - Group","hd":false},{"ty":"fl","c":{"a":0,"k":[0.180392161012,0.211764708161,0.223529413342,1],"ix":4},"o":{"a":0,"k":100,"ix":5},"r":1,"bm":0,"nm":"Fill 1","mn":"ADBE Vector Graphic - Fill","hd":false},{"ty":"tr","p":{"a":0,"k":[276.729,476.945],"ix":2},"a":{"a":0,"k":[0,0],"ix":1},"s":{"a":0,"k":[100,100],"ix":3},"r":{"a":0,"k":0,"ix":6},"o":{"a":0,"k":100,"ix":7},"sk":{"a":0,"k":0,"ix":4},"sa":{"a":0,"k":0,"ix":5},"nm":"Transform"}],"nm":"Group 3","np":2,"cix":2,"bm":0,"ix":1,"mn":"ADBE Vector Group","hd":false}],"ip":0,"op":119.19998968288,"st":-0.79999993075758,"bm":0},{"ddd":0,"ind":43,"ty":4,"nm":"Layer 28 - Group 4","parent":39,"sr":1,"ks":{"o":{"a":0,"k":100,"ix":11},"r":{"a":1,"k":[{"i":{"x":[0.667],"y":[1]},"o":{"x":[0.333],"y":[0]},"t":0,"s":[0]},{"i":{"x":[0.667],"y":[1]},"o":{"x":[0.333],"y":[0]},"t":10.39,"s":[0]},{"t":22.3779980631164,"s":[32]}],"ix":10},"p":{"a":1,"k":[{"i":{"x":0.667,"y":1},"o":{"x":0.333,"y":0},"t":0,"s":[306.504,481.255,0],"to":[-0.6,-1.178,0],"ti":[0.6,1.178,0]},{"t":10.3899991007141,"s":[302.907,474.188,0]}],"ix":2,"l":2},"a":{"a":0,"k":[298.752,472.368,0],"ix":1,"l":2},"s":{"a":0,"k":[100,100,100],"ix":6,"l":2}},"ao":0,"shapes":[{"ty":"gr","it":[{"ind":0,"ty":"sh","ix":1,"ks":{"a":0,"k":{"i":[[-1.53,-4.627],[0,0],[-4.257,5.815]],"o":[[0,0],[-3.669,-2.743],[4.064,-5.55]],"v":[[11.082,7.33],[3.576,11.401],[-10.306,-10.378]],"c":true},"ix":2},"nm":"Path 1","mn":"ADBE Vector Shape - Group","hd":false},{"ty":"fl","c":{"a":0,"k":[0.180392161012,0.211764708161,0.223529413342,1],"ix":4},"o":{"a":0,"k":100,"ix":5},"r":1,"bm":0,"nm":"Fill 1","mn":"ADBE Vector Graphic - Fill","hd":false},{"ty":"tr","p":{"a":0,"k":[293.377,465.493],"ix":2},"a":{"a":0,"k":[0,0],"ix":1},"s":{"a":0,"k":[100,100],"ix":3},"r":{"a":0,"k":0,"ix":6},"o":{"a":0,"k":100,"ix":7},"sk":{"a":0,"k":0,"ix":4},"sa":{"a":0,"k":0,"ix":5},"nm":"Transform"}],"nm":"Group 4","np":2,"cix":2,"bm":0,"ix":1,"mn":"ADBE Vector Group","hd":false}],"ip":0,"op":119.999989613637,"st":0,"bm":0},{"ddd":0,"ind":44,"ty":4,"nm":"Layer 27","parent":39,"sr":1,"ks":{"o":{"a":0,"k":100,"ix":11},"r":{"a":1,"k":[{"i":{"x":[0.667],"y":[1]},"o":{"x":[0.333],"y":[0]},"t":0,"s":[1]},{"i":{"x":[0.667],"y":[1]},"o":{"x":[0.333],"y":[0]},"t":10.39,"s":[0]},{"t":22.3779980631164,"s":[-10]}],"ix":10},"p":{"a":1,"k":[{"i":{"x":0.667,"y":1},"o":{"x":0.333,"y":0},"t":0,"s":[317.03,475.6,0],"to":[1.296,-0.118,0],"ti":[-1.296,0.118,0]},{"t":10.3899991007141,"s":[324.808,474.893,0]}],"ix":2,"l":2},"a":{"a":0,"k":[-3.947,4.587,0],"ix":1,"l":2},"s":{"a":0,"k":[100,100,100],"ix":6,"l":2}},"ao":0,"shapes":[{"ty":"gr","it":[{"ind":0,"ty":"sh","ix":1,"ks":{"a":0,"k":{"i":[[3.292,-14.423],[0,0],[0,0]],"o":[[-1.461,6.418],[0,0],[2.89,-7.994]],"v":[[7.659,-2.563],[-2.629,9.628],[-8.1,1.856]],"c":true},"ix":2},"nm":"Path 1","mn":"ADBE Vector Shape - Group","hd":false},{"ty":"fl","c":{"a":0,"k":[0.180392161012,0.211764708161,0.223529413342,1],"ix":4},"o":{"a":0,"k":100,"ix":5},"r":1,"bm":0,"nm":"Fill 1","mn":"ADBE Vector Graphic - Fill","hd":false},{"ty":"tr","p":{"a":0,"k":[0,0],"ix":2},"a":{"a":0,"k":[0,0],"ix":1},"s":{"a":0,"k":[100,100],"ix":3},"r":{"a":0,"k":0,"ix":6},"o":{"a":0,"k":100,"ix":7},"sk":{"a":0,"k":0,"ix":4},"sa":{"a":0,"k":0,"ix":5},"nm":"Transform"}],"nm":"Group 1","np":2,"cix":2,"bm":0,"ix":1,"mn":"ADBE Vector Group","hd":false}],"ip":0,"op":119.999989613637,"st":0,"bm":0},{"ddd":0,"ind":48,"ty":4,"nm":"Merged Shape Layer","parent":31,"sr":1,"ks":{"o":{"a":0,"k":100,"ix":11},"r":{"a":0,"k":0,"ix":10},"p":{"a":1,"k":[{"i":{"x":0.667,"y":1},"o":{"x":0.333,"y":0},"t":0,"s":[-7.265,-98.235,0],"to":[0,2.5,0],"ti":[-0.493,0.204,0]},{"i":{"x":0.667,"y":1},"o":{"x":0.333,"y":0},"t":10.39,"s":[-7.265,-83.235,0],"to":[0.493,-0.204,0],"ti":[-0.493,2.704,0]},{"i":{"x":0.667,"y":0.667},"o":{"x":0.333,"y":0.333},"t":22.378,"s":[-4.304,-99.46,0],"to":[0,0,0],"ti":[0,0,0]},{"i":{"x":0.667,"y":1},"o":{"x":0.333,"y":0},"t":43.157,"s":[-4.304,-99.46,0],"to":[1.173,0.871,0],"ti":[-1.173,-0.871,0]},{"t":54.3459952961893,"s":[2.735,-94.235,0]}],"ix":2,"l":2},"a":{"a":0,"k":[524.376,331.771,0],"ix":1,"l":2},"s":{"a":0,"k":[100,100,100],"ix":6,"l":2}},"ao":0,"shapes":[{"ty":"gr","it":[{"ty":"gr","it":[{"ind":0,"ty":"sh","ix":1,"ks":{"a":0,"k":{"i":[[0,-31.337],[0,0],[0,0],[0,0],[30.375,9.868]],"o":[[0,0],[0,0],[0,0],[0,-27.517],[45.943,4.107]],"v":[[51.266,35.558],[-51.348,35.558],[-51.348,32.706],[36.607,32.706],[9.223,-35.558]],"c":true},"ix":2},"nm":"Path 1","mn":"ADBE Vector Shape - Group","hd":false},{"ty":"fl","c":{"a":0,"k":[0.188235297799,0.211764708161,0.223529413342,1],"ix":4},"o":{"a":0,"k":100,"ix":5},"r":1,"bm":0,"nm":"Fill 1","mn":"ADBE Vector Graphic - Fill","hd":false},{"ty":"tr","p":{"a":0,"k":[0,0],"ix":2},"a":{"a":0,"k":[0,0],"ix":1},"s":{"a":0,"k":[100,100],"ix":3},"r":{"a":0,"k":0,"ix":6},"o":{"a":0,"k":100,"ix":7},"sk":{"a":0,"k":0,"ix":4},"sa":{"a":0,"k":0,"ix":5},"nm":"Transform"}],"nm":"Group 1","np":2,"cix":2,"bm":0,"ix":1,"mn":"ADBE Vector Group","hd":false},{"ty":"tr","p":{"a":0,"k":[524.412,331.965],"ix":2},"a":{"a":0,"k":[0,0],"ix":1},"s":{"a":0,"k":[100,100],"ix":3},"r":{"a":0,"k":0,"ix":6},"o":{"a":0,"k":50,"ix":7},"sk":{"a":0,"k":0,"ix":4},"sa":{"a":0,"k":0,"ix":5},"nm":"Transform"}],"nm":"Layer 4","np":1,"cix":2,"bm":0,"ix":1,"mn":"ADBE Vector Group","hd":false},{"ty":"gr","it":[{"ty":"gr","it":[{"ind":0,"ty":"sh","ix":1,"ks":{"a":0,"k":{"i":[[8.392,-4.072],[-3.207,-17.766],[1.653,9.161],[-11.152,5.412]],"o":[[-17.259,8.378],[1.663,9.209],[-2.116,-11.721],[8.429,-4.092]],"v":[[5.246,-26.673],[-15.53,22.22],[-1.518,18.355],[12.579,-14.123]],"c":true},"ix":2},"nm":"Path 1","mn":"ADBE Vector Shape - Group","hd":false},{"ty":"fl","c":{"a":0,"k":[0.870588295133,0.964705942191,0.235294132607,1],"ix":4},"o":{"a":0,"k":100,"ix":5},"r":1,"bm":0,"nm":"Fill 1","mn":"ADBE Vector Graphic - Fill","hd":false},{"ty":"tr","p":{"a":0,"k":[0,0],"ix":2},"a":{"a":0,"k":[0,0],"ix":1},"s":{"a":0,"k":[100,100],"ix":3},"r":{"a":0,"k":0,"ix":6},"o":{"a":0,"k":100,"ix":7},"sk":{"a":0,"k":0,"ix":4},"sa":{"a":0,"k":0,"ix":5},"nm":"Transform"}],"nm":"Group 1","np":2,"cix":2,"bm":0,"ix":1,"mn":"ADBE Vector Group","hd":false},{"ty":"tr","p":{"a":0,"k":[495.166,328.892],"ix":2},"a":{"a":0,"k":[0,0],"ix":1},"s":{"a":0,"k":[100,100],"ix":3},"r":{"a":0,"k":0,"ix":6},"o":{"a":0,"k":100,"ix":7},"sk":{"a":0,"k":0,"ix":4},"sa":{"a":0,"k":0,"ix":5},"nm":"Transform"}],"nm":"Layer 3","np":1,"cix":2,"bm":0,"ix":2,"mn":"ADBE Vector Group","hd":false},{"ty":"gr","it":[{"ty":"gr","it":[{"ind":0,"ty":"sh","ix":1,"ks":{"a":0,"k":{"i":[[55.704,0],[0,-33.304],[0,0]],"o":[[-55.705,0],[0,0],[0,-33.304]],"v":[[0.001,-35.761],[-51.307,35.761],[51.307,35.761]],"c":true},"ix":2},"nm":"Path 1","mn":"ADBE Vector Shape - Group","hd":false},{"ty":"fl","c":{"a":0,"k":[0.188235297799,0.211764708161,0.223529413342,1],"ix":4},"o":{"a":0,"k":100,"ix":5},"r":1,"bm":0,"nm":"Fill 1","mn":"ADBE Vector Graphic - Fill","hd":false},{"ty":"tr","p":{"a":0,"k":[0,0],"ix":2},"a":{"a":0,"k":[0,0],"ix":1},"s":{"a":0,"k":[100,100],"ix":3},"r":{"a":0,"k":0,"ix":6},"o":{"a":0,"k":100,"ix":7},"sk":{"a":0,"k":0,"ix":4},"sa":{"a":0,"k":0,"ix":5},"nm":"Transform"}],"nm":"Group 1","np":2,"cix":2,"bm":0,"ix":1,"mn":"ADBE Vector Group","hd":false},{"ty":"tr","p":{"a":0,"k":[524.376,331.771],"ix":2},"a":{"a":0,"k":[0,0],"ix":1},"s":{"a":0,"k":[100,100],"ix":3},"r":{"a":0,"k":0,"ix":6},"o":{"a":0,"k":100,"ix":7},"sk":{"a":0,"k":0,"ix":4},"sa":{"a":0,"k":0,"ix":5},"nm":"Transform"}],"nm":"Layer 2","np":1,"cix":2,"bm":0,"ix":3,"mn":"ADBE Vector Group","hd":false}],"ip":0,"op":119.999989613637,"st":0,"bm":0},{"ddd":0,"ind":49,"ty":4,"nm":"Merged Shape Layer","parent":56,"sr":1,"ks":{"o":{"a":0,"k":100,"ix":11},"r":{"a":1,"k":[{"i":{"x":[0.667],"y":[1]},"o":{"x":[0.333],"y":[0]},"t":10.39,"s":[0]},{"i":{"x":[0.833],"y":[1]},"o":{"x":[0.333],"y":[0]},"t":22.378,"s":[-49]},{"t":54.3459952961893,"s":[-21]}],"ix":10},"p":{"a":1,"k":[{"i":{"x":0.667,"y":1},"o":{"x":0.333,"y":0},"t":10.4,"s":[199.201,76.386,0],"to":[4.141,-27.078,0],"ti":[0,0,0]},{"i":{"x":0.667,"y":1},"o":{"x":0.333,"y":0},"t":22.401,"s":[224.046,-86.08,0],"to":[0,0,0],"ti":[4.141,-27.078,0]},{"t":54.4009952914289,"s":[199.201,76.386,0]}],"ix":2,"l":2},"a":{"a":0,"k":[737.452,615.011,0],"ix":1,"l":2},"s":{"a":0,"k":[100,100,100],"ix":6,"l":2}},"ao":0,"shapes":[{"ty":"gr","it":[{"ty":"gr","it":[{"ind":0,"ty":"sh","ix":1,"ks":{"a":0,"k":{"i":[[2.423,6.774],[11.336,5.323],[-6.49,-3.048],[-3.202,-8.946]],"o":[[-4.117,-11.516],[-6.454,-3.037],[8.738,4.107],[2.398,6.706]],"v":[[16.161,11.553],[-8.027,-17.729],[-13.641,-8.126],[5.435,14.507]],"c":true},"ix":2},"nm":"Path 1","mn":"ADBE Vector Shape - Group","hd":false},{"ty":"fl","c":{"a":0,"k":[0.870588295133,0.964705942191,0.235294132607,1],"ix":4},"o":{"a":0,"k":100,"ix":5},"r":1,"bm":0,"nm":"Fill 1","mn":"ADBE Vector Graphic - Fill","hd":false},{"ty":"tr","p":{"a":0,"k":[0,0],"ix":2},"a":{"a":0,"k":[0,0],"ix":1},"s":{"a":0,"k":[100,100],"ix":3},"r":{"a":0,"k":0,"ix":6},"o":{"a":0,"k":100,"ix":7},"sk":{"a":0,"k":0,"ix":4},"sa":{"a":0,"k":0,"ix":5},"nm":"Transform"}],"nm":"Group 1","np":2,"cix":2,"bm":0,"ix":1,"mn":"ADBE Vector Group","hd":false},{"ty":"tr","p":{"a":0,"k":[723.933,608.578],"ix":2},"a":{"a":0,"k":[-16.514,18.315],"ix":1},"s":{"a":0,"k":[100,100],"ix":3},"r":{"a":0,"k":60,"ix":6},"o":{"a":0,"k":100,"ix":7},"sk":{"a":0,"k":0,"ix":4},"sa":{"a":0,"k":0,"ix":5},"nm":"Transform"}],"nm":"Layer 32","np":1,"cix":2,"bm":0,"ix":1,"mn":"ADBE Vector Group","hd":false},{"ty":"gr","it":[{"ty":"gr","it":[{"ind":0,"ty":"sh","ix":1,"ks":{"a":0,"k":{"i":[[-0.851,1.149],[4.114,-3.04],[10.977,14.869],[-6.045,8.274],[-6.228,-8.454],[-9.531,7.047]],"o":[[-0.183,5.934],[-9.534,7.05],[-9.642,-13.052],[-0.298,7.79],[10.977,14.872],[1.184,-0.851]],"v":[[26.294,9.989],[19.883,23.967],[-17.242,9.766],[-22.878,-26.839],[-13.868,-1.176],[23.257,13.029]],"c":true},"ix":2},"nm":"Path 1","mn":"ADBE Vector Shape - Group","hd":false},{"ty":"fl","c":{"a":0,"k":[0.592156887054,0.729411780834,0.098039217293,1],"ix":4},"o":{"a":0,"k":100,"ix":5},"r":1,"bm":0,"nm":"Fill 1","mn":"ADBE Vector Graphic - Fill","hd":false},{"ty":"tr","p":{"a":0,"k":[0,0],"ix":2},"a":{"a":0,"k":[0,0],"ix":1},"s":{"a":0,"k":[100,100],"ix":3},"r":{"a":0,"k":0,"ix":6},"o":{"a":0,"k":100,"ix":7},"sk":{"a":0,"k":0,"ix":4},"sa":{"a":0,"k":0,"ix":5},"nm":"Transform"}],"nm":"Group 1","np":2,"cix":2,"bm":0,"ix":1,"mn":"ADBE Vector Group","hd":false},{"ty":"tr","p":{"a":0,"k":[734.89,616.477],"ix":2},"a":{"a":0,"k":[0,0],"ix":1},"s":{"a":0,"k":[100,100],"ix":3},"r":{"a":0,"k":60,"ix":6},"o":{"a":0,"k":100,"ix":7},"sk":{"a":0,"k":0,"ix":4},"sa":{"a":0,"k":0,"ix":5},"nm":"Transform"}],"nm":"Layer 23","np":1,"cix":2,"bm":0,"ix":2,"mn":"ADBE Vector Group","hd":false},{"ty":"gr","it":[{"ty":"gr","it":[{"ind":0,"ty":"sh","ix":1,"ks":{"a":0,"k":{"i":[[-9.534,7.022],[-10.97,-14.88],[9.531,-7.036],[10.963,14.865]],"o":[[9.527,-7.029],[10.959,14.869],[-9.531,7.025],[-10.97,-14.876]],"v":[[-19.853,-26.925],[17.259,-12.72],[19.857,26.929],[-17.253,12.724]],"c":true},"ix":2},"nm":"Path 1","mn":"ADBE Vector Shape - Group","hd":false},{"ty":"fl","c":{"a":0,"k":[0.639215707779,0.807843148708,0.1254902035,1],"ix":4},"o":{"a":0,"k":100,"ix":5},"r":1,"bm":0,"nm":"Fill 1","mn":"ADBE Vector Graphic - Fill","hd":false},{"ty":"tr","p":{"a":0,"k":[0,0],"ix":2},"a":{"a":0,"k":[0,0],"ix":1},"s":{"a":0,"k":[100,100],"ix":3},"r":{"a":0,"k":0,"ix":6},"o":{"a":0,"k":100,"ix":7},"sk":{"a":0,"k":0,"ix":4},"sa":{"a":0,"k":0,"ix":5},"nm":"Transform"}],"nm":"Group 1","np":2,"cix":2,"bm":0,"ix":1,"mn":"ADBE Vector Group","hd":false},{"ty":"tr","p":{"a":0,"k":[698.499,607.128],"ix":2},"a":{"a":0,"k":[-26.307,29.788],"ix":1},"s":{"a":0,"k":[100,100],"ix":3},"r":{"a":0,"k":60,"ix":6},"o":{"a":0,"k":100,"ix":7},"sk":{"a":0,"k":0,"ix":4},"sa":{"a":0,"k":0,"ix":5},"nm":"Transform"}],"nm":"Layer 22","np":1,"cix":2,"bm":0,"ix":3,"mn":"ADBE Vector Group","hd":false}],"ip":0,"op":119.999989613637,"st":0,"bm":0},{"ddd":0,"ind":50,"ty":4,"nm":"Layer 21 - Group 1","parent":49,"sr":1,"ks":{"o":{"a":0,"k":100,"ix":11},"r":{"a":0,"k":60,"ix":10},"p":{"a":0,"k":[737.536,645.491,0],"ix":2,"l":2},"a":{"a":0,"k":[768.591,512.453,0],"ix":1,"l":2},"s":{"a":0,"k":[100,100,100],"ix":6,"l":2}},"ao":0,"shapes":[{"ty":"gr","it":[{"ind":0,"ty":"sh","ix":1,"ks":{"a":0,"k":{"i":[[0,0],[0,0],[-5.187,1.666],[7.291,1.72]],"o":[[0,0],[5.004,2.154],[7.564,-2.431],[-3.263,-0.765]],"v":[[-11.813,-5.078],[-11.246,2.963],[6.419,4.155],[6.053,-3.969]],"c":true},"ix":2},"nm":"Path 1","mn":"ADBE Vector Shape - Group","hd":false},{"ty":"fl","c":{"a":0,"k":[0.180392161012,0.211764708161,0.223529413342,1],"ix":4},"o":{"a":0,"k":100,"ix":5},"r":1,"bm":0,"nm":"Fill 1","mn":"ADBE Vector Graphic - Fill","hd":false},{"ty":"tr","p":{"a":0,"k":[776.187,512.797],"ix":2},"a":{"a":0,"k":[0,0],"ix":1},"s":{"a":0,"k":[100,100],"ix":3},"r":{"a":0,"k":0,"ix":6},"o":{"a":0,"k":100,"ix":7},"sk":{"a":0,"k":0,"ix":4},"sa":{"a":0,"k":0,"ix":5},"nm":"Transform"}],"nm":"Group 1","np":2,"cix":2,"bm":0,"ix":1,"mn":"ADBE Vector Group","hd":false}],"ip":0,"op":119.999989613637,"st":0,"bm":0},{"ddd":0,"ind":51,"ty":4,"nm":"Layer 21 - Group 2","parent":49,"sr":1,"ks":{"o":{"a":0,"k":100,"ix":11},"r":{"a":0,"k":60,"ix":10},"p":{"a":0,"k":[750.534,633.409,0],"ix":2,"l":2},"a":{"a":0,"k":[764.115,497.04,0],"ix":1,"l":2},"s":{"a":0,"k":[100,100,100],"ix":6,"l":2}},"ao":0,"shapes":[{"ty":"gr","it":[{"ind":0,"ty":"sh","ix":1,"ks":{"a":0,"k":{"i":[[5.201,-3.949],[0,0],[5.378,6.713]],"o":[[0,0],[4.117,1.066],[-3.82,-4.774]],"v":[[-12.676,-1.19],[-10.267,4.949],[11.878,-2.493]],"c":true},"ix":2},"nm":"Path 1","mn":"ADBE Vector Shape - Group","hd":false},{"ty":"fl","c":{"a":0,"k":[0.180392161012,0.211764708161,0.223529413342,1],"ix":4},"o":{"a":0,"k":100,"ix":5},"r":1,"bm":0,"nm":"Fill 1","mn":"ADBE Vector Graphic - Fill","hd":false},{"ty":"tr","p":{"a":0,"k":[773.112,495.86],"ix":2},"a":{"a":0,"k":[0,0],"ix":1},"s":{"a":0,"k":[100,100],"ix":3},"r":{"a":0,"k":0,"ix":6},"o":{"a":0,"k":100,"ix":7},"sk":{"a":0,"k":0,"ix":4},"sa":{"a":0,"k":0,"ix":5},"nm":"Transform"}],"nm":"Group 2","np":2,"cix":2,"bm":0,"ix":1,"mn":"ADBE Vector Group","hd":false}],"ip":0,"op":119.999989613637,"st":0,"bm":0},{"ddd":0,"ind":52,"ty":4,"nm":"Layer 21 - Group 3","parent":49,"sr":1,"ks":{"o":{"a":0,"k":100,"ix":11},"r":{"a":0,"k":60,"ix":10},"p":{"a":0,"k":[758.853,619.77,0],"ix":2,"l":2},"a":{"a":0,"k":[757.692,482.156,0],"ix":1,"l":2},"s":{"a":0,"k":[100,100,100],"ix":6,"l":2}},"ao":0,"shapes":[{"ty":"gr","it":[{"ind":0,"ty":"sh","ix":1,"ks":{"a":0,"k":{"i":[[2.52,-6.436],[0,0],[8.019,4.563]],"o":[[0,0],[4.067,-1.368],[-6.896,-3.92]],"v":[[-13.055,4.065],[-10.119,9.099],[11.509,-8.197]],"c":true},"ix":2},"nm":"Path 1","mn":"ADBE Vector Shape - Group","hd":false},{"ty":"fl","c":{"a":0,"k":[0.180392161012,0.211764708161,0.223529413342,1],"ix":4},"o":{"a":0,"k":100,"ix":5},"r":1,"bm":0,"nm":"Fill 1","mn":"ADBE Vector Graphic - Fill","hd":false},{"ty":"tr","p":{"a":0,"k":[765.652,477.369],"ix":2},"a":{"a":0,"k":[0,0],"ix":1},"s":{"a":0,"k":[100,100],"ix":3},"r":{"a":0,"k":0,"ix":6},"o":{"a":0,"k":100,"ix":7},"sk":{"a":0,"k":0,"ix":4},"sa":{"a":0,"k":0,"ix":5},"nm":"Transform"}],"nm":"Group 3","np":2,"cix":2,"bm":0,"ix":1,"mn":"ADBE Vector Group","hd":false}],"ip":0,"op":119.999989613637,"st":0,"bm":0},{"ddd":0,"ind":53,"ty":4,"nm":"Layer 21 - Group 4","parent":49,"sr":1,"ks":{"o":{"a":0,"k":100,"ix":11},"r":{"a":0,"k":60,"ix":10},"p":{"a":0,"k":[760.07,602.876,0],"ix":2,"l":2},"a":{"a":0,"k":[743.669,472.655,0],"ix":1,"l":2},"s":{"a":0,"k":[100,100,100],"ix":6,"l":2}},"ao":0,"shapes":[{"ty":"gr","it":[{"ind":0,"ty":"sh","ix":1,"ks":{"a":0,"k":{"i":[[1.529,-4.627],[0,0],[4.261,5.816]],"o":[[0,0],[3.669,-2.743],[-4.064,-5.55]],"v":[[-11.081,7.332],[-3.578,11.403],[10.303,-10.38]],"c":true},"ix":2},"nm":"Path 1","mn":"ADBE Vector Shape - Group","hd":false},{"ty":"fl","c":{"a":0,"k":[0.180392161012,0.211764708161,0.223529413342,1],"ix":4},"o":{"a":0,"k":100,"ix":5},"r":1,"bm":0,"nm":"Fill 1","mn":"ADBE Vector Graphic - Fill","hd":false},{"ty":"tr","p":{"a":0,"k":[749.002,465.918],"ix":2},"a":{"a":0,"k":[0,0],"ix":1},"s":{"a":0,"k":[100,100],"ix":3},"r":{"a":0,"k":0,"ix":6},"o":{"a":0,"k":100,"ix":7},"sk":{"a":0,"k":0,"ix":4},"sa":{"a":0,"k":0,"ix":5},"nm":"Transform"}],"nm":"Group 4","np":2,"cix":2,"bm":0,"ix":1,"mn":"ADBE Vector Group","hd":false}],"ip":0,"op":119.999989613637,"st":0,"bm":0},{"ddd":0,"ind":54,"ty":4,"nm":"Layer 20","parent":49,"sr":1,"ks":{"o":{"a":0,"k":100,"ix":11},"r":{"a":0,"k":60,"ix":10},"p":{"a":0,"k":[740.779,586.306,0],"ix":2,"l":2},"a":{"a":0,"k":[5.945,6.363,0],"ix":1,"l":2},"s":{"a":0,"k":[100,100,100],"ix":6,"l":2}},"ao":0,"shapes":[{"ty":"gr","it":[{"ind":0,"ty":"sh","ix":1,"ks":{"a":0,"k":{"i":[[-3.292,-14.427],[0,0],[0,0]],"o":[[1.465,6.418],[0,0],[-2.89,-7.994]],"v":[[-7.661,-2.562],[2.627,9.629],[8.101,1.857]],"c":true},"ix":2},"nm":"Path 1","mn":"ADBE Vector Shape - Group","hd":false},{"ty":"fl","c":{"a":0,"k":[0.180392161012,0.211764708161,0.223529413342,1],"ix":4},"o":{"a":0,"k":100,"ix":5},"r":1,"bm":0,"nm":"Fill 1","mn":"ADBE Vector Graphic - Fill","hd":false},{"ty":"tr","p":{"a":0,"k":[0,0],"ix":2},"a":{"a":0,"k":[0,0],"ix":1},"s":{"a":0,"k":[100,100],"ix":3},"r":{"a":0,"k":0,"ix":6},"o":{"a":0,"k":100,"ix":7},"sk":{"a":0,"k":0,"ix":4},"sa":{"a":0,"k":0,"ix":5},"nm":"Transform"}],"nm":"Group 1","np":2,"cix":2,"bm":0,"ix":1,"mn":"ADBE Vector Group","hd":false}],"ip":0,"op":119.999989613637,"st":0,"bm":0},{"ddd":0,"ind":55,"ty":4,"nm":"Shape Layer 1","parent":38,"sr":1,"ks":{"o":{"a":0,"k":100,"ix":11},"r":{"a":1,"k":[{"i":{"x":[0.667],"y":[1]},"o":{"x":[0.333],"y":[0]},"t":0,"s":[-86]},{"i":{"x":[0.833],"y":[1]},"o":{"x":[0.333],"y":[0]},"t":10.4,"s":[-47]},{"i":{"x":[0.833],"y":[1]},"o":{"x":[0.167],"y":[0]},"t":22.401,"s":[-47]},{"i":{"x":[0.667],"y":[1]},"o":{"x":[0.167],"y":[0]},"t":43.2,"s":[-35]},{"t":54.3459952961893,"s":[-86]}],"ix":10},"p":{"a":1,"k":[{"i":{"x":0.667,"y":1},"o":{"x":0.333,"y":0},"t":0,"s":[-102.384,-61.68,0],"to":[0,0.667,0],"ti":[0,-0.667,0]},{"t":10.3899991007141,"s":[-102.384,-57.68,0]}],"ix":2,"l":2},"a":{"a":0,"k":[-105.28,20.797,0],"ix":1,"l":2},"s":{"a":0,"k":[100,100,100],"ix":6,"l":2}},"ao":0,"shapes":[{"ty":"gr","it":[{"ind":0,"ty":"sh","ix":1,"ks":{"a":1,"k":[{"i":{"x":0.667,"y":1},"o":{"x":0.333,"y":0},"t":11.2,"s":[{"i":[[0,0],[0,0],[0,0]],"o":[[0,0],[0,0],[0,0]],"v":[[-238,-39],[-184,10],[-91,24]],"c":false}]},{"i":{"x":0.667,"y":1},"o":{"x":0.333,"y":0},"t":22.401,"s":[{"i":[[0,0],[0,0],[0,0]],"o":[[0,0],[0,0],[0,0]],"v":[[-153.876,-158.466],[-126.461,-57.329],[-99.776,32.184]],"c":false}]},{"t":54.4009952914289,"s":[{"i":[[0,0],[0,0],[0,0]],"o":[[0,0],[0,0],[0,0]],"v":[[-238,-39],[-184,10],[-91,24]],"c":false}]}],"ix":2},"nm":"Path 1","mn":"ADBE Vector Shape - Group","hd":false},{"ty":"st","c":{"a":0,"k":[0.188235309077,0.211764720842,0.223529426724,1],"ix":3},"o":{"a":0,"k":100,"ix":4},"w":{"a":0,"k":30,"ix":5},"lc":2,"lj":2,"bm":0,"nm":"Stroke 1","mn":"ADBE Vector Graphic - Stroke","hd":false},{"ty":"tr","p":{"a":0,"k":[1,13],"ix":2},"a":{"a":0,"k":[0,0],"ix":1},"s":{"a":0,"k":[100,100],"ix":3},"r":{"a":0,"k":0,"ix":6},"o":{"a":0,"k":100,"ix":7},"sk":{"a":0,"k":0,"ix":4},"sa":{"a":0,"k":0,"ix":5},"nm":"Transform"}],"nm":"Shape 1","np":3,"cix":2,"bm":0,"ix":1,"mn":"ADBE Vector Group","hd":false}],"ip":0,"op":119.999989613637,"st":0,"bm":0},{"ddd":0,"ind":56,"ty":4,"nm":"Shape Layer 2","parent":38,"sr":1,"ks":{"o":{"a":0,"k":100,"ix":11},"r":{"a":1,"k":[{"i":{"x":[0.667],"y":[1]},"o":{"x":[0.333],"y":[0]},"t":0,"s":[34]},{"i":{"x":[0.833],"y":[1]},"o":{"x":[0.333],"y":[0]},"t":10.4,"s":[2]},{"i":{"x":[0.833],"y":[1]},"o":{"x":[0.167],"y":[0]},"t":22.401,"s":[2]},{"i":{"x":[0.833],"y":[1]},"o":{"x":[0.167],"y":[0]},"t":43.2,"s":[-29]},{"t":54.3459952961893,"s":[38]}],"ix":10},"p":{"a":0,"k":[82.616,-62.68,0],"ix":2,"l":2},"a":{"a":0,"k":[66,11,0],"ix":1,"l":2},"s":{"a":0,"k":[100,100,100],"ix":6,"l":2}},"ao":0,"shapes":[{"ty":"gr","it":[{"ind":0,"ty":"sh","ix":1,"ks":{"a":1,"k":[{"i":{"x":0.667,"y":1},"o":{"x":0.167,"y":0},"t":0,"s":[{"i":[[0,0],[0,0],[0,0]],"o":[[0,0],[0,0],[0,0]],"v":[[68,12],[126,53],[197,74]],"c":false}]},{"i":{"x":0.667,"y":1},"o":{"x":0.333,"y":0},"t":11.2,"s":[{"i":[[0,0],[0,0],[0,0]],"o":[[0,0],[0,0],[0,0]],"v":[[68,12],[126,53],[197,74]],"c":false}]},{"i":{"x":0.667,"y":1},"o":{"x":0.333,"y":0},"t":22.401,"s":[{"i":[[0,0],[0,0],[0,0]],"o":[[0,0],[0,0],[0,0]],"v":[[68,12],[168.412,-50.543],[227.255,-91.156]],"c":false}]},{"t":54.4009952914289,"s":[{"i":[[0,0],[0,0],[0,0]],"o":[[0,0],[0,0],[0,0]],"v":[[68,12],[126,53],[197,74]],"c":false}]}],"ix":2},"nm":"Path 1","mn":"ADBE Vector Shape - Group","hd":false},{"ty":"st","c":{"a":0,"k":[0.188235309077,0.211764720842,0.223529426724,1],"ix":3},"o":{"a":0,"k":100,"ix":4},"w":{"a":0,"k":30,"ix":5},"lc":1,"lj":1,"ml":4,"bm":0,"nm":"Stroke 1","mn":"ADBE Vector Graphic - Stroke","hd":false},{"ty":"tr","p":{"a":0,"k":[0,0],"ix":2},"a":{"a":0,"k":[0,0],"ix":1},"s":{"a":0,"k":[100,100],"ix":3},"r":{"a":0,"k":0,"ix":6},"o":{"a":0,"k":100,"ix":7},"sk":{"a":0,"k":0,"ix":4},"sa":{"a":0,"k":0,"ix":5},"nm":"Transform"}],"nm":"Shape 1","np":3,"cix":2,"bm":0,"ix":1,"mn":"ADBE Vector Group","hd":false}],"ip":0,"op":119.999989613637,"st":0,"bm":0},{"ddd":0,"ind":57,"ty":4,"nm":"Shape Layer 8","sr":1,"ks":{"o":{"a":0,"k":100,"ix":11},"r":{"a":0,"k":0,"ix":10},"p":{"a":1,"k":[{"i":{"x":0.074,"y":1},"o":{"x":0.333,"y":0},"t":11.2,"s":[611,815,0],"to":[0,0.833,0],"ti":[0,-0.833,0]},{"t":22.3999980612123,"s":[611,820,0]}],"ix":2,"l":2},"a":{"a":0,"k":[-72,142,0],"ix":1,"l":2},"s":{"a":0,"k":[-100,100,100],"ix":6,"l":2}},"ao":0,"shapes":[{"ty":"gr","it":[{"ind":0,"ty":"sh","ix":1,"ks":{"a":1,"k":[{"i":{"x":0.833,"y":0.833},"o":{"x":0.967,"y":0},"t":11.2,"s":[{"i":[[0,0],[0,0],[0,0],[0,0]],"o":[[0,0],[0,0],[0,0],[0,0]],"v":[[-73,143],[-76.5,192.5],[-69.168,252.733],[-89,255]],"c":false}]},{"i":{"x":0.833,"y":0.833},"o":{"x":0.124,"y":0.123},"t":22.4,"s":[{"i":[[0,0],[0,0],[0,0],[0,0]],"o":[[0,0],[0,0],[0,0],[0,0]],"v":[[-73,143],[-118,196.25],[-153.168,245.983],[-172.75,231.75]],"c":false}]},{"i":{"x":0,"y":1},"o":{"x":0.088,"y":0.087},"t":43.201,"s":[{"i":[[0,0],[0,0],[0,0],[0,0]],"o":[[0,0],[0,0],[0,0],[0,0]],"v":[[-73,143],[-118,196.25],[-153.168,245.983],[-172.75,231.75]],"c":false}]},{"i":{"x":0.833,"y":1},"o":{"x":0.167,"y":0},"t":52.747,"s":[{"i":[[0,0],[0,0],[0,0],[0,0]],"o":[[0,0],[0,0],[0,0],[0,0]],"v":[[-73,143],[-76.5,192.5],[-69.168,252.733],[-89,255]],"c":false}]},{"i":{"x":0,"y":1},"o":{"x":0.167,"y":0},"t":59.141,"s":[{"i":[[0,0],[0,0],[0,0],[0,0]],"o":[[0,0],[0,0],[0,0],[0,0]],"v":[[-73,143],[-82.5,187],[-76.168,238.233],[-95.5,239.5]],"c":false}]},{"t":70.4009939065805,"s":[{"i":[[0,0],[0,0],[0,0],[0,0]],"o":[[0,0],[0,0],[0,0],[0,0]],"v":[[-73,143],[-76.5,192.5],[-69.168,252.733],[-89,255]],"c":false}]}],"ix":2},"nm":"Path 1","mn":"ADBE Vector Shape - Group","hd":false},{"ty":"st","c":{"a":0,"k":[0.188235309077,0.211764720842,0.223529426724,1],"ix":3},"o":{"a":0,"k":100,"ix":4},"w":{"a":0,"k":30,"ix":5},"lc":2,"lj":2,"bm":0,"nm":"Stroke 1","mn":"ADBE Vector Graphic - Stroke","hd":false},{"ty":"tr","p":{"a":0,"k":[0,0],"ix":2},"a":{"a":0,"k":[0,0],"ix":1},"s":{"a":0,"k":[100,100],"ix":3},"r":{"a":0,"k":0,"ix":6},"o":{"a":0,"k":100,"ix":7},"sk":{"a":0,"k":0,"ix":4},"sa":{"a":0,"k":0,"ix":5},"nm":"Transform"}],"nm":"Shape 1","np":3,"cix":2,"bm":0,"ix":1,"mn":"ADBE Vector Group","hd":false}],"ip":54.345595296224,"op":95.1999917601521,"st":11.1999990306061,"bm":0},{"ddd":0,"ind":58,"ty":4,"nm":"Shape Layer 7","sr":1,"ks":{"o":{"a":0,"k":100,"ix":11},"r":{"a":0,"k":0,"ix":10},"p":{"a":1,"k":[{"i":{"x":0.074,"y":1},"o":{"x":0.333,"y":0},"t":11.2,"s":[500,817,0],"to":[0,0.833,0],"ti":[0,-0.833,0]},{"t":22.3999980612123,"s":[500,822,0]}],"ix":2,"l":2},"a":{"a":0,"k":[-72,142,0],"ix":1,"l":2},"s":{"a":0,"k":[100,100,100],"ix":6,"l":2}},"ao":0,"shapes":[{"ty":"gr","it":[{"ind":0,"ty":"sh","ix":1,"ks":{"a":1,"k":[{"i":{"x":0.833,"y":0.833},"o":{"x":0.967,"y":0},"t":11.2,"s":[{"i":[[0,0],[0,0],[0,0],[0,0]],"o":[[0,0],[0,0],[0,0],[0,0]],"v":[[-73,143],[-76.5,192.5],[-69.168,252.733],[-89,255]],"c":false}]},{"i":{"x":0.833,"y":0.833},"o":{"x":0.124,"y":0.123},"t":22.4,"s":[{"i":[[0,0],[0,0],[0,0],[0,0]],"o":[[0,0],[0,0],[0,0],[0,0]],"v":[[-73,143],[-99,193.75],[-117.668,256.983],[-157.75,245.75]],"c":false}]},{"i":{"x":0,"y":1},"o":{"x":0.088,"y":0.087},"t":43.201,"s":[{"i":[[0,0],[0,0],[0,0],[0,0]],"o":[[0,0],[0,0],[0,0],[0,0]],"v":[[-73,143],[-99,193.75],[-117.668,256.983],[-157.75,245.75]],"c":false}]},{"i":{"x":0.833,"y":1},"o":{"x":0.167,"y":0},"t":52.747,"s":[{"i":[[0,0],[0,0],[0,0],[0,0]],"o":[[0,0],[0,0],[0,0],[0,0]],"v":[[-73,143],[-76.5,192.5],[-69.168,252.733],[-89,255]],"c":false}]},{"i":{"x":0,"y":1},"o":{"x":0.167,"y":0},"t":59.141,"s":[{"i":[[0,0],[0,0],[0,0],[0,0]],"o":[[0,0],[0,0],[0,0],[0,0]],"v":[[-73,143],[-76.5,192.5],[-67.168,236.733],[-88,242]],"c":false}]},{"t":70.4009939065805,"s":[{"i":[[0,0],[0,0],[0,0],[0,0]],"o":[[0,0],[0,0],[0,0],[0,0]],"v":[[-73,143],[-76.5,192.5],[-69.168,252.733],[-89,255]],"c":false}]}],"ix":2},"nm":"Path 1","mn":"ADBE Vector Shape - Group","hd":false},{"ty":"st","c":{"a":0,"k":[0.188235309077,0.211764720842,0.223529426724,1],"ix":3},"o":{"a":0,"k":100,"ix":4},"w":{"a":0,"k":30,"ix":5},"lc":2,"lj":2,"bm":0,"nm":"Stroke 1","mn":"ADBE Vector Graphic - Stroke","hd":false},{"ty":"tr","p":{"a":0,"k":[0,0],"ix":2},"a":{"a":0,"k":[0,0],"ix":1},"s":{"a":0,"k":[100,100],"ix":3},"r":{"a":0,"k":0,"ix":6},"o":{"a":0,"k":100,"ix":7},"sk":{"a":0,"k":0,"ix":4},"sa":{"a":0,"k":0,"ix":5},"nm":"Transform"}],"nm":"Shape 1","np":3,"cix":2,"bm":0,"ix":1,"mn":"ADBE Vector Group","hd":false}],"ip":54.345595296224,"op":95.1999917601521,"st":11.1999990306061,"bm":0},{"ddd":0,"ind":59,"ty":4,"nm":"Shape Layer 6","parent":38,"sr":1,"ks":{"o":{"a":0,"k":100,"ix":11},"r":{"a":0,"k":0,"ix":10},"p":{"a":1,"k":[{"i":{"x":0.074,"y":1},"o":{"x":0.333,"y":0},"t":11.2,"s":[58.616,79.32,0],"to":[0,0.833,0],"ti":[0,-0.833,0]},{"t":22.3999980612123,"s":[58.616,84.32,0]}],"ix":2,"l":2},"a":{"a":0,"k":[-72,142,0],"ix":1,"l":2},"s":{"a":0,"k":[-100,100,100],"ix":6,"l":2}},"ao":0,"shapes":[{"ty":"gr","it":[{"ind":0,"ty":"sh","ix":1,"ks":{"a":1,"k":[{"i":{"x":0.833,"y":0.833},"o":{"x":0.967,"y":0},"t":11.2,"s":[{"i":[[0,0],[0,0],[0,0],[0,0]],"o":[[0,0],[0,0],[0,0],[0,0]],"v":[[-73,143],[-76.5,192.5],[-69.168,252.733],[-89,255]],"c":false}]},{"i":{"x":0.833,"y":0.833},"o":{"x":0.124,"y":0.123},"t":22.4,"s":[{"i":[[0,0],[0,0],[0,0],[0,0]],"o":[[0,0],[0,0],[0,0],[0,0]],"v":[[-73,143],[-176,242.25],[-235.168,300.983],[-248.75,285.75]],"c":false}]},{"i":{"x":0,"y":1},"o":{"x":0.088,"y":0.087},"t":43.201,"s":[{"i":[[0,0],[0,0],[0,0],[0,0]],"o":[[0,0],[0,0],[0,0],[0,0]],"v":[[-73,143],[-118,196.25],[-153.168,245.983],[-172.75,231.75]],"c":false}]},{"t":54.3999952915155,"s":[{"i":[[0,0],[0,0],[0,0],[0,0]],"o":[[0,0],[0,0],[0,0],[0,0]],"v":[[-73,143],[-76.5,192.5],[-69.168,252.733],[-89,255]],"c":false}]}],"ix":2},"nm":"Path 1","mn":"ADBE Vector Shape - Group","hd":false},{"ty":"st","c":{"a":0,"k":[0.188235309077,0.211764720842,0.223529426724,1],"ix":3},"o":{"a":0,"k":100,"ix":4},"w":{"a":0,"k":30,"ix":5},"lc":2,"lj":2,"bm":0,"nm":"Stroke 1","mn":"ADBE Vector Graphic - Stroke","hd":false},{"ty":"tr","p":{"a":0,"k":[0,0],"ix":2},"a":{"a":0,"k":[0,0],"ix":1},"s":{"a":0,"k":[100,100],"ix":3},"r":{"a":0,"k":0,"ix":6},"o":{"a":0,"k":100,"ix":7},"sk":{"a":0,"k":0,"ix":4},"sa":{"a":0,"k":0,"ix":5},"nm":"Transform"}],"nm":"Shape 1","np":3,"cix":2,"bm":0,"ix":1,"mn":"ADBE Vector Group","hd":false}],"ip":11.9999989613637,"op":54.345595296224,"st":11.1999990306061,"bm":0},{"ddd":0,"ind":60,"ty":4,"nm":"Shape Layer 5","parent":38,"sr":1,"ks":{"o":{"a":0,"k":100,"ix":11},"r":{"a":0,"k":0,"ix":10},"p":{"a":1,"k":[{"i":{"x":0.074,"y":1},"o":{"x":0.333,"y":0},"t":11.2,"s":[-52.384,81.32,0],"to":[0,0.833,0],"ti":[0,-0.833,0]},{"t":22.3999980612123,"s":[-52.384,86.32,0]}],"ix":2,"l":2},"a":{"a":0,"k":[-72,142,0],"ix":1,"l":2},"s":{"a":0,"k":[100,100,100],"ix":6,"l":2}},"ao":0,"shapes":[{"ty":"gr","it":[{"ind":0,"ty":"sh","ix":1,"ks":{"a":1,"k":[{"i":{"x":0.833,"y":0.833},"o":{"x":0.967,"y":0},"t":11.2,"s":[{"i":[[0,0],[0,0],[0,0],[0,0]],"o":[[0,0],[0,0],[0,0],[0,0]],"v":[[-73,143],[-76.5,192.5],[-69.168,252.733],[-89,255]],"c":false}]},{"i":{"x":0.833,"y":0.833},"o":{"x":0.124,"y":0.123},"t":22.4,"s":[{"i":[[0,0],[0,0],[0,0],[0,0]],"o":[[0,0],[0,0],[0,0],[0,0]],"v":[[-73,143],[-130.466,234.284],[-184.134,320.516],[-202.75,301.75]],"c":false}]},{"i":{"x":0,"y":1},"o":{"x":0.088,"y":0.087},"t":43.201,"s":[{"i":[[0,0],[0,0],[0,0],[0,0]],"o":[[0,0],[0,0],[0,0],[0,0]],"v":[[-73,143],[-99,193.75],[-117.668,256.983],[-157.75,245.75]],"c":false}]},{"t":54.3999952915155,"s":[{"i":[[0,0],[0,0],[0,0],[0,0]],"o":[[0,0],[0,0],[0,0],[0,0]],"v":[[-73,143],[-76.5,192.5],[-69.168,252.733],[-89,255]],"c":false}]}],"ix":2},"nm":"Path 1","mn":"ADBE Vector Shape - Group","hd":false},{"ty":"st","c":{"a":0,"k":[0.188235309077,0.211764720842,0.223529426724,1],"ix":3},"o":{"a":0,"k":100,"ix":4},"w":{"a":0,"k":30,"ix":5},"lc":2,"lj":2,"bm":0,"nm":"Stroke 1","mn":"ADBE Vector Graphic - Stroke","hd":false},{"ty":"tr","p":{"a":0,"k":[0,0],"ix":2},"a":{"a":0,"k":[0,0],"ix":1},"s":{"a":0,"k":[100,100],"ix":3},"r":{"a":0,"k":0,"ix":6},"o":{"a":0,"k":100,"ix":7},"sk":{"a":0,"k":0,"ix":4},"sa":{"a":0,"k":0,"ix":5},"nm":"Transform"}],"nm":"Shape 1","np":3,"cix":2,"bm":0,"ix":1,"mn":"ADBE Vector Group","hd":false}],"ip":11.9999989613637,"op":54.345595296224,"st":11.1999990306061,"bm":0},{"ddd":0,"ind":61,"ty":4,"nm":"Shape Layer 4","sr":1,"ks":{"o":{"a":0,"k":100,"ix":11},"r":{"a":0,"k":0,"ix":10},"p":{"a":1,"k":[{"i":{"x":0.667,"y":1},"o":{"x":0.977,"y":0},"t":0,"s":[611,820,0],"to":[0,0.833,0],"ti":[0,-0.833,0]},{"t":11.1999990306061,"s":[611,825,0]}],"ix":2,"l":2},"a":{"a":0,"k":[-72,142,0],"ix":1,"l":2},"s":{"a":0,"k":[-100,100,100],"ix":6,"l":2}},"ao":0,"shapes":[{"ty":"gr","it":[{"ind":0,"ty":"sh","ix":1,"ks":{"a":1,"k":[{"i":{"x":0.667,"y":1},"o":{"x":0.977,"y":0},"t":0,"s":[{"i":[[0,0],[0,0],[0,0],[0,0]],"o":[[0,0],[0,0],[0,0],[0,0]],"v":[[-73,143],[-76.5,192.5],[-69.168,252.733],[-89,255]],"c":false}]},{"t":11.1999990306061,"s":[{"i":[[0,0],[0,0],[0,0],[0,0]],"o":[[0,0],[0,0],[0,0],[0,0]],"v":[[-73,143],[-90,195.75],[-65.668,242.483],[-94.25,244.25]],"c":false}]}],"ix":2},"nm":"Path 1","mn":"ADBE Vector Shape - Group","hd":false},{"ty":"st","c":{"a":0,"k":[0.188235309077,0.211764720842,0.223529426724,1],"ix":3},"o":{"a":0,"k":100,"ix":4},"w":{"a":0,"k":30,"ix":5},"lc":2,"lj":2,"bm":0,"nm":"Stroke 1","mn":"ADBE Vector Graphic - Stroke","hd":false},{"ty":"tr","p":{"a":0,"k":[0,0],"ix":2},"a":{"a":0,"k":[0,0],"ix":1},"s":{"a":0,"k":[100,100],"ix":3},"r":{"a":0,"k":0,"ix":6},"o":{"a":0,"k":100,"ix":7},"sk":{"a":0,"k":0,"ix":4},"sa":{"a":0,"k":0,"ix":5},"nm":"Transform"}],"nm":"Shape 1","np":3,"cix":2,"bm":0,"ix":1,"mn":"ADBE Vector Group","hd":false}],"ip":0,"op":11.9999989613637,"st":0,"bm":0},{"ddd":0,"ind":62,"ty":4,"nm":"Shape Layer 3","sr":1,"ks":{"o":{"a":0,"k":100,"ix":11},"r":{"a":0,"k":0,"ix":10},"p":{"a":1,"k":[{"i":{"x":0.667,"y":1},"o":{"x":0.977,"y":0},"t":0,"s":[500,822,0],"to":[0,0.833,0],"ti":[0,-0.833,0]},{"t":11.1999990306061,"s":[500,827,0]}],"ix":2,"l":2},"a":{"a":0,"k":[-72,142,0],"ix":1,"l":2},"s":{"a":0,"k":[100,100,100],"ix":6,"l":2}},"ao":0,"shapes":[{"ty":"gr","it":[{"ind":0,"ty":"sh","ix":1,"ks":{"a":1,"k":[{"i":{"x":0.667,"y":1},"o":{"x":0.977,"y":0},"t":0,"s":[{"i":[[0,0],[0,0],[0,0],[0,0]],"o":[[0,0],[0,0],[0,0],[0,0]],"v":[[-73,143],[-76.5,192.5],[-69.168,252.733],[-89,255]],"c":false}]},{"t":11.1999990306061,"s":[{"i":[[0,0],[0,0],[0,0],[0,0]],"o":[[0,0],[0,0],[0,0],[0,0]],"v":[[-73,143],[-90,195.75],[-65.668,242.483],[-94.25,244.25]],"c":false}]}],"ix":2},"nm":"Path 1","mn":"ADBE Vector Shape - Group","hd":false},{"ty":"st","c":{"a":0,"k":[0.188235309077,0.211764720842,0.223529426724,1],"ix":3},"o":{"a":0,"k":100,"ix":4},"w":{"a":0,"k":30,"ix":5},"lc":2,"lj":2,"bm":0,"nm":"Stroke 1","mn":"ADBE Vector Graphic - Stroke","hd":false},{"ty":"tr","p":{"a":0,"k":[0,0],"ix":2},"a":{"a":0,"k":[0,0],"ix":1},"s":{"a":0,"k":[100,100],"ix":3},"r":{"a":0,"k":0,"ix":6},"o":{"a":0,"k":100,"ix":7},"sk":{"a":0,"k":0,"ix":4},"sa":{"a":0,"k":0,"ix":5},"nm":"Transform"}],"nm":"Shape 1","np":3,"cix":2,"bm":0,"ix":1,"mn":"ADBE Vector Group","hd":false}],"ip":0,"op":11.9999989613637,"st":0,"bm":0},{"ddd":0,"ind":63,"ty":4,"nm":"Merged Shape Layer","parent":31,"sr":1,"ks":{"o":{"a":0,"k":100,"ix":11},"r":{"a":0,"k":0,"ix":10},"p":{"a":1,"k":[{"i":{"x":0.175,"y":1},"o":{"x":0.697,"y":0},"t":0,"s":[123.576,-5.063,0],"to":[-3.333,3.5,0],"ti":[0.215,3.326,0]},{"i":{"x":0.394,"y":1},"o":{"x":0.908,"y":0},"t":11.189,"s":[103.576,15.937,0],"to":[-0.215,-3.326,0],"ti":[-3.119,5.16,0]},{"i":{"x":0.394,"y":1},"o":{"x":0.333,"y":0},"t":22.378,"s":[122.288,-25.021,0],"to":[3.119,-5.16,0],"ti":[0,-1.667,0]},{"t":54.3459952961893,"s":[122.288,-15.021,0]}],"ix":2,"l":2},"a":{"a":0,"k":[644.218,420.443,0],"ix":1,"l":2},"s":{"a":0,"k":[100,100,100],"ix":6,"l":2}},"ao":0,"shapes":[{"ty":"gr","it":[{"ty":"gr","it":[{"ind":0,"ty":"sh","ix":1,"ks":{"a":0,"k":{"i":[[8.518,5.914],[1.882,-3.125],[-3.245,-2.253],[-0.128,-4.745],[0.247,9.201]],"o":[[-3.258,-2.262],[-2.157,3.584],[4.128,2.866],[0.246,9.175],[-0.271,-10.14]],"v":[[-1.189,-15.51],[-11.217,-12.95],[-8.586,-3.196],[-2.445,9.657],[12.213,9.657]],"c":true},"ix":2},"nm":"Path 1","mn":"ADBE Vector Shape - Group","hd":false},{"ty":"fl","c":{"a":0,"k":[0.332395216998,0.374850703221,0.396078431373,1],"ix":4},"o":{"a":0,"k":100,"ix":5},"r":1,"bm":0,"nm":"Fill 1","mn":"ADBE Vector Graphic - Fill","hd":false},{"ty":"tr","p":{"a":0,"k":[0,0],"ix":2},"a":{"a":0,"k":[0,0],"ix":1},"s":{"a":0,"k":[100,100],"ix":3},"r":{"a":0,"k":0,"ix":6},"o":{"a":0,"k":100,"ix":7},"sk":{"a":0,"k":0,"ix":4},"sa":{"a":0,"k":0,"ix":5},"nm":"Transform"}],"nm":"Group 1","np":2,"cix":2,"bm":0,"ix":1,"mn":"ADBE Vector Group","hd":false},{"ty":"tr","p":{"a":0,"k":[656.079,385.362],"ix":2},"a":{"a":0,"k":[0,0],"ix":1},"s":{"a":0,"k":[100,100],"ix":3},"r":{"a":0,"k":0,"ix":6},"o":{"a":0,"k":100,"ix":7},"sk":{"a":0,"k":0,"ix":4},"sa":{"a":0,"k":0,"ix":5},"nm":"Transform"}],"nm":"Layer 49","np":1,"cix":2,"bm":0,"ix":1,"mn":"ADBE Vector Group","hd":false},{"ty":"gr","it":[{"ty":"gr","it":[{"ty":"gr","it":[{"ind":0,"ty":"sh","ix":1,"ks":{"a":0,"k":{"i":[[3.136,-10.007],[11.551,0],[0,0],[0,11.037],[0,0],[-5.923,0],[0,0],[-3.139,9.981],[2.756,17.908],[-1.379,-5.137]],"o":[[-3.139,9.981],[0,0],[-11.551,0],[0,0],[3.78,3.794],[0,0],[11.552,0],[2.842,-9.039],[1.935,3.022],[3.928,14.74]],"v":[[34.19,30.553],[13.286,50.542],[-15.944,50.542],[-36.847,30.553],[-36.847,27.304],[-21.807,33.434],[7.421,33.434],[28.327,13.443],[29.323,-50.542],[34.19,-38.421]],"c":true},"ix":2},"nm":"Path 1","mn":"ADBE Vector Shape - Group","hd":false},{"ty":"fl","c":{"a":0,"k":[0.138777385038,0.169134940353,0.18431372549,1],"ix":4},"o":{"a":0,"k":100,"ix":5},"r":1,"bm":0,"nm":"Fill 1","mn":"ADBE Vector Graphic - Fill","hd":false},{"ty":"tr","p":{"a":0,"k":[0,0],"ix":2},"a":{"a":0,"k":[0,0],"ix":1},"s":{"a":0,"k":[100,100],"ix":3},"r":{"a":0,"k":0,"ix":6},"o":{"a":0,"k":100,"ix":7},"sk":{"a":0,"k":0,"ix":4},"sa":{"a":0,"k":0,"ix":5},"nm":"Transform"}],"nm":"Group 1","np":2,"cix":2,"bm":0,"ix":1,"mn":"ADBE Vector Group","hd":false},{"ty":"tr","p":{"a":0,"k":[644.218,424.375],"ix":2},"a":{"a":0,"k":[0,0],"ix":1},"s":{"a":0,"k":[100,100],"ix":3},"r":{"a":0,"k":0,"ix":6},"o":{"a":0,"k":100,"ix":7},"sk":{"a":0,"k":0,"ix":4},"sa":{"a":0,"k":0,"ix":5},"nm":"Transform"}],"nm":"Group 1","np":1,"cix":2,"bm":0,"ix":1,"mn":"ADBE Vector Group","hd":false},{"ty":"tr","p":{"a":0,"k":[644.218,424.375],"ix":2},"a":{"a":0,"k":[644.218,424.375],"ix":1},"s":{"a":0,"k":[100,100],"ix":3},"r":{"a":0,"k":0,"ix":6},"o":{"a":0,"k":100,"ix":7},"sk":{"a":0,"k":0,"ix":4},"sa":{"a":0,"k":0,"ix":5},"nm":"Transform"}],"nm":"Layer 34 - Group 1","np":1,"cix":2,"bm":0,"ix":2,"mn":"ADBE Vector Group","hd":false},{"ty":"gr","it":[{"ty":"gr","it":[{"ty":"gr","it":[{"ind":0,"ty":"sh","ix":1,"ks":{"a":0,"k":{"i":[[0,0],[-11.539,0],[0,0],[-3.133,9.998],[3.918,14.741],[11.538,0],[0,0],[0,-11.043]],"o":[[0,11.045],[0,0],[11.538,0],[3.133,-9.995],[-3.917,-14.743],[0,0],[-11.539,0],[0,0]],"v":[[-36.845,34.48],[-15.952,54.471],[13.299,54.471],[34.193,34.48],[34.193,-34.477],[13.299,-54.471],[-15.952,-54.471],[-36.845,-34.477]],"c":true},"ix":2},"nm":"Path 1","mn":"ADBE Vector Shape - Group","hd":false},{"ty":"fl","c":{"a":0,"k":[0.188235297799,0.211764708161,0.223529413342,1],"ix":4},"o":{"a":0,"k":100,"ix":5},"r":1,"bm":0,"nm":"Fill 1","mn":"ADBE Vector Graphic - Fill","hd":false},{"ty":"tr","p":{"a":0,"k":[0,0],"ix":2},"a":{"a":0,"k":[0,0],"ix":1},"s":{"a":0,"k":[100,100],"ix":3},"r":{"a":0,"k":0,"ix":6},"o":{"a":0,"k":100,"ix":7},"sk":{"a":0,"k":0,"ix":4},"sa":{"a":0,"k":0,"ix":5},"nm":"Transform"}],"nm":"Group 1","np":2,"cix":2,"bm":0,"ix":1,"mn":"ADBE Vector Group","hd":false},{"ty":"tr","p":{"a":0,"k":[644.215,420.44],"ix":2},"a":{"a":0,"k":[0,0],"ix":1},"s":{"a":0,"k":[100,100],"ix":3},"r":{"a":0,"k":0,"ix":6},"o":{"a":0,"k":100,"ix":7},"sk":{"a":0,"k":0,"ix":4},"sa":{"a":0,"k":0,"ix":5},"nm":"Transform"}],"nm":"Group 2","np":1,"cix":2,"bm":0,"ix":1,"mn":"ADBE Vector Group","hd":false},{"ty":"tr","p":{"a":0,"k":[644.215,420.44],"ix":2},"a":{"a":0,"k":[644.214,420.44],"ix":1},"s":{"a":0,"k":[100,100],"ix":3},"r":{"a":0,"k":0,"ix":6},"o":{"a":0,"k":100,"ix":7},"sk":{"a":0,"k":0,"ix":4},"sa":{"a":0,"k":0,"ix":5},"nm":"Transform"}],"nm":"Layer 34 - Group 2","np":1,"cix":2,"bm":0,"ix":3,"mn":"ADBE Vector Group","hd":false}],"ip":0,"op":119.999989613637,"st":0,"bm":0},{"ddd":0,"ind":64,"ty":4,"nm":"Merged Shape Layer","parent":31,"sr":1,"ks":{"o":{"a":0,"k":100,"ix":11},"r":{"a":0,"k":0,"ix":10},"p":{"a":1,"k":[{"i":{"x":0.175,"y":1},"o":{"x":0.697,"y":0},"t":0,"s":[-124.103,-4.063,0],"to":[3.333,3.5,0],"ti":[0.215,3.326,0]},{"i":{"x":0.394,"y":1},"o":{"x":0.908,"y":0},"t":11.189,"s":[-104.103,16.937,0],"to":[-0.215,-3.326,0],"ti":[3.548,5.16,0]},{"i":{"x":0.394,"y":1},"o":{"x":0.333,"y":0},"t":22.378,"s":[-125.391,-24.021,0],"to":[-3.548,-5.16,0],"ti":[0,-1.667,0]},{"t":54.3459952961893,"s":[-125.391,-14.021,0]}],"ix":2,"l":2},"a":{"a":0,"k":[404.539,420.443,0],"ix":1,"l":2},"s":{"a":0,"k":[100,100,100],"ix":6,"l":2}},"ao":0,"shapes":[{"ty":"gr","it":[{"ty":"gr","it":[{"ind":0,"ty":"sh","ix":1,"ks":{"a":0,"k":{"i":[[7.711,-5.358],[-2.734,-18.254],[1.346,8.991],[0.062,7.518],[-5.937,4.126]],"o":[[-18.003,12.504],[1.359,9.07],[-1.115,-7.444],[-0.051,-6.073],[7.62,-5.29]],"v":[[1.195,-33.518],[-9.015,29.662],[5.121,25.87],[3.562,3.353],[8.593,-21.209]],"c":true},"ix":2},"nm":"Path 1","mn":"ADBE Vector Shape - Group","hd":false},{"ty":"fl","c":{"a":0,"k":[0.333333333333,0.376470618154,0.396078461292,1],"ix":4},"o":{"a":0,"k":100,"ix":5},"r":1,"bm":0,"nm":"Fill 1","mn":"ADBE Vector Graphic - Fill","hd":false},{"ty":"tr","p":{"a":0,"k":[0,0],"ix":2},"a":{"a":0,"k":[0,0],"ix":1},"s":{"a":0,"k":[100,100],"ix":3},"r":{"a":0,"k":0,"ix":6},"o":{"a":0,"k":100,"ix":7},"sk":{"a":0,"k":0,"ix":4},"sa":{"a":0,"k":0,"ix":5},"nm":"Transform"}],"nm":"Group 1","np":2,"cix":2,"bm":0,"ix":1,"mn":"ADBE Vector Group","hd":false},{"ty":"tr","p":{"a":0,"k":[384.388,405.274],"ix":2},"a":{"a":0,"k":[0,0],"ix":1},"s":{"a":0,"k":[100,100],"ix":3},"r":{"a":0,"k":0,"ix":6},"o":{"a":0,"k":100,"ix":7},"sk":{"a":0,"k":0,"ix":4},"sa":{"a":0,"k":0,"ix":5},"nm":"Transform"}],"nm":"Layer 48","np":1,"cix":2,"bm":0,"ix":1,"mn":"ADBE Vector Group","hd":false},{"ty":"gr","it":[{"ty":"gr","it":[{"ty":"gr","it":[{"ind":0,"ty":"sh","ix":1,"ks":{"a":0,"k":{"i":[[0,-5.392],[0,0],[11.522,0],[0,0],[3.136,9.981],[0.38,2.997],[-7.475,0],[0,0],[0,11.037],[0,0]],"o":[[0,0],[0,11.037],[0,0],[-11.522,0],[-0.498,-1.566],[3.606,5.676],[0,0],[11.522,0],[0,0],[3.636,3.593]],"v":[[36.164,-37.551],[36.164,31.423],[15.289,51.411],[-13.971,51.411],[-34.874,31.423],[-36.164,24.436],[-19.834,34.304],[9.426,34.304],[30.3,14.313],[30.3,-51.411]],"c":true},"ix":2},"nm":"Path 1","mn":"ADBE Vector Shape - Group","hd":false},{"ty":"fl","c":{"a":0,"k":[0.188235297799,0.211764708161,0.223529413342,1],"ix":4},"o":{"a":0,"k":100,"ix":5},"r":1,"bm":0,"nm":"Fill 1","mn":"ADBE Vector Graphic - Fill","hd":false},{"ty":"tr","p":{"a":0,"k":[0,0],"ix":2},"a":{"a":0,"k":[0,0],"ix":1},"s":{"a":0,"k":[100,100],"ix":3},"r":{"a":0,"k":0,"ix":6},"o":{"a":0,"k":100,"ix":7},"sk":{"a":0,"k":0,"ix":4},"sa":{"a":0,"k":0,"ix":5},"nm":"Transform"}],"nm":"Group 1","np":2,"cix":2,"bm":0,"ix":1,"mn":"ADBE Vector Group","hd":false},{"ty":"tr","p":{"a":0,"k":[405.207,423.505],"ix":2},"a":{"a":0,"k":[0,0],"ix":1},"s":{"a":0,"k":[100,100],"ix":3},"r":{"a":0,"k":0,"ix":6},"o":{"a":0,"k":100,"ix":7},"sk":{"a":0,"k":0,"ix":4},"sa":{"a":0,"k":0,"ix":5},"nm":"Transform"}],"nm":"Group 3","np":1,"cix":2,"bm":0,"ix":1,"mn":"ADBE Vector Group","hd":false},{"ty":"tr","p":{"a":0,"k":[405.207,423.505],"ix":2},"a":{"a":0,"k":[405.207,423.505],"ix":1},"s":{"a":0,"k":[100,100],"ix":3},"r":{"a":0,"k":0,"ix":6},"o":{"a":0,"k":100,"ix":7},"sk":{"a":0,"k":0,"ix":4},"sa":{"a":0,"k":0,"ix":5},"nm":"Transform"}],"nm":"Layer 34 - Group 3","np":1,"cix":2,"bm":0,"ix":2,"mn":"ADBE Vector Group","hd":false},{"ty":"gr","it":[{"ty":"gr","it":[{"ty":"gr","it":[{"ind":0,"ty":"sh","ix":1,"ks":{"a":0,"k":{"i":[[0,0],[11.539,0],[0,0],[3.135,9.998],[-3.918,14.741],[-11.538,0],[0,0],[0,-11.043]],"o":[[0,11.045],[0,0],[-11.538,0],[-3.133,-9.995],[3.917,-14.743],[0,0],[11.539,0],[0,0]],"v":[[36.845,34.48],[15.952,54.471],[-13.299,54.471],[-34.193,34.48],[-34.193,-34.477],[-13.299,-54.471],[15.952,-54.471],[36.845,-34.477]],"c":true},"ix":2},"nm":"Path 1","mn":"ADBE Vector Shape - Group","hd":false},{"ty":"fl","c":{"a":0,"k":[0.137254901961,0.16862745098,0.18431372549,1],"ix":4},"o":{"a":0,"k":100,"ix":5},"r":1,"bm":0,"nm":"Fill 1","mn":"ADBE Vector Graphic - Fill","hd":false},{"ty":"tr","p":{"a":0,"k":[0,0],"ix":2},"a":{"a":0,"k":[0,0],"ix":1},"s":{"a":0,"k":[100,100],"ix":3},"r":{"a":0,"k":0,"ix":6},"o":{"a":0,"k":100,"ix":7},"sk":{"a":0,"k":0,"ix":4},"sa":{"a":0,"k":0,"ix":5},"nm":"Transform"}],"nm":"Group 1","np":2,"cix":2,"bm":0,"ix":1,"mn":"ADBE Vector Group","hd":false},{"ty":"tr","p":{"a":0,"k":[404.539,420.44],"ix":2},"a":{"a":0,"k":[0,0],"ix":1},"s":{"a":0,"k":[100,100],"ix":3},"r":{"a":0,"k":0,"ix":6},"o":{"a":0,"k":100,"ix":7},"sk":{"a":0,"k":0,"ix":4},"sa":{"a":0,"k":0,"ix":5},"nm":"Transform"}],"nm":"Group 4","np":1,"cix":2,"bm":0,"ix":1,"mn":"ADBE Vector Group","hd":false},{"ty":"tr","p":{"a":0,"k":[404.539,420.44],"ix":2},"a":{"a":0,"k":[404.539,420.44],"ix":1},"s":{"a":0,"k":[100,100],"ix":3},"r":{"a":0,"k":0,"ix":6},"o":{"a":0,"k":100,"ix":7},"sk":{"a":0,"k":0,"ix":4},"sa":{"a":0,"k":0,"ix":5},"nm":"Transform"}],"nm":"Layer 34 - Group 4","np":1,"cix":2,"bm":0,"ix":3,"mn":"ADBE Vector Group","hd":false}],"ip":0,"op":119.999989613637,"st":0,"bm":0}],"markers":[],"chars":[{"ch":"Y","size":183,"style":"Regular","w":64.6,"data":{"shapes":[{"ty":"gr","it":[{"ind":0,"ty":"sh","ix":1,"ks":{"a":0,"k":{"i":[[1.466,-1.733],[0,0],[0,0],[2,0],[1.433,-1.433],[0,-1.866],[-1.267,-1.333],[0,0],[0,0],[-1.467,-1.333],[-2.334,0],[-1.467,1.334],[0,2.534],[0,0],[0,0],[0,1.667],[1.5,1.434],[1.866,0]],"o":[[0,0],[0,0],[-1.467,-1.733],[-1.867,0],[-1.434,1.434],[0,1.8],[0,0],[0,0],[0,2.534],[1.466,1.334],[2.2,0],[1.466,-1.333],[0,0],[0,0],[1.266,-1.466],[0,-1.866],[-1.5,-1.433],[-2,0]],"v":[[50.9,-68.5],[31.8,-45.2],[12.7,-68.5],[7.5,-71.1],[2.55,-68.95],[0.4,-64],[2.3,-59.3],[24,-33.3],[24,-7.2],[26.2,-1.4],[31.9,0.6],[37.4,-1.4],[39.6,-7.2],[39.6,-33.3],[61.5,-59.3],[63.4,-64],[61.15,-68.95],[56.1,-71.1]],"c":true},"ix":2},"nm":"Y","mn":"ADBE Vector Shape - Group","hd":false}],"nm":"Y","np":3,"cix":2,"bm":0,"ix":1,"mn":"ADBE Vector Group","hd":false}]},"fFamily":"Nunito ExtraBold"},{"ch":"a","size":183,"style":"Regular","w":54.6,"data":{"shapes":[{"ty":"gr","it":[{"ind":0,"ty":"sh","ix":1,"ks":{"a":0,"k":{"i":[[7.2,0],[3.366,-0.733],[2.333,-1.266],[0.6,-0.866],[0,-1.333],[-0.867,-1.033],[-1.467,0],[-1.534,0.734],[-2.867,0],[-1.234,-1.266],[0,-2.8],[0,0],[0,0],[4.066,-0.933],[1.833,-2.066],[0,-3.6],[-1.567,-2.4],[-2.7,-1.333],[-3.334,0],[-2.334,1.4],[-1,2.467],[0,0],[-1.3,-1.3],[-2.134,0],[-1.267,1.234],[0,2.2],[0,0],[3.466,3.5]],"o":[[-3.267,0],[-3.367,0.734],[-1.334,0.734],[-0.6,0.867],[0,1.667],[0.866,1.034],[1.066,0],[5.4,-2],[2.866,0],[1.233,1.267],[0,0],[0,0],[-7.067,0],[-4.067,0.934],[-1.834,2.067],[0,2.934],[1.566,2.4],[2.7,1.333],[3.133,0],[2.333,-1.4],[0,0],[0,2.067],[1.3,1.3],[2.266,0],[1.266,-1.233],[0,0],[0,-7.2],[-3.467,-3.5]],"v":[[27.9,-50.3],[17.95,-49.2],[9.4,-46.2],[6.5,-43.8],[5.6,-40.5],[6.9,-36.45],[10.4,-34.9],[14.3,-36],[26.7,-39],[32.85,-37.1],[34.7,-31],[34.7,-29.2],[32.1,-29.2],[15.4,-27.8],[6.55,-23.3],[3.8,-14.8],[6.15,-6.8],[12.55,-1.2],[21.6,0.8],[29.8,-1.3],[34.8,-7.1],[34.8,-6.4],[36.75,-1.35],[41.9,0.6],[47.2,-1.25],[49.1,-6.4],[49.1,-29],[43.9,-45.05]],"c":true},"ix":2},"nm":"a","mn":"ADBE Vector Shape - Group","hd":false},{"ind":1,"ty":"sh","ix":2,"ks":{"a":0,"k":{"i":[[2.933,0],[1.233,1.167],[0,1.867],[-2.167,0.867],[-5.4,0],[0,0],[0,0],[1.8,-1.966]],"o":[[-1.867,0],[-1.234,-1.166],[0,-2.266],[2.166,-0.866],[0,0],[0,0],[0,3.134],[-1.8,1.967]],"v":[[24.9,-9.6],[20.25,-11.35],[18.4,-15.9],[21.65,-20.6],[33,-21.9],[34.7,-21.9],[34.7,-20.2],[32,-12.55]],"c":true},"ix":2},"nm":"a","mn":"ADBE Vector Shape - Group","hd":false}],"nm":"a","np":5,"cix":2,"bm":0,"ix":1,"mn":"ADBE Vector Group","hd":false}]},"fFamily":"Nunito ExtraBold"},{"ch":"y","size":183,"style":"Regular","w":53.4,"data":{"shapes":[{"ty":"gr","it":[{"ind":0,"ty":"sh","ix":1,"ks":{"a":0,"k":{"i":[[0.6,-1.4],[0,0],[0,0],[1.133,0.7],[1.333,0],[1.566,-1.266],[0,-1.8],[-0.4,-0.933],[0,0],[0,0],[0,-1.067],[-1.4,-1.2],[-1.867,0],[-1.134,0.7],[-0.667,1.4],[0,0],[0,0.934],[1.466,1.234],[1.933,0],[1.1,-0.666]],"o":[[0,0],[0,0],[-0.667,-1.4],[-1.134,-0.7],[-2,0],[-1.567,1.267],[0,0.867],[0,0],[0,0],[-0.467,0.933],[0,1.733],[1.4,1.2],[1.266,0],[1.133,-0.7],[0,0],[0.466,-0.933],[0,-1.733],[-1.467,-1.233],[-1.267,0],[-1.1,0.667]],"v":[[39.3,-45.8],[27.2,-18.8],[14.8,-45.8],[12.1,-48.95],[8.4,-50],[3.05,-48.1],[0.7,-43.5],[1.3,-40.8],[19.1,-4.3],[12.5,9.4],[11.8,12.4],[13.9,16.8],[18.8,18.6],[22.4,17.55],[25.1,14.4],[52,-40.8],[52.7,-43.6],[50.5,-48.05],[45.4,-49.9],[41.85,-48.9]],"c":true},"ix":2},"nm":"y","mn":"ADBE Vector Shape - Group","hd":false}],"nm":"y","np":3,"cix":2,"bm":0,"ix":1,"mn":"ADBE Vector Group","hd":false}]},"fFamily":"Nunito ExtraBold"},{"ch":"!","size":183,"style":"Regular","w":26,"data":{"shapes":[{"ty":"gr","it":[{"ind":0,"ty":"sh","ix":1,"ks":{"a":0,"k":{"i":[[-1.2,0],[-0.834,0.8],[-0.134,1.534],[0,0],[0,0.6],[1.733,1.467],[2.6,0],[1.733,-1.466],[0,-2.466],[-0.067,-0.333],[0,0],[-0.834,-0.8]],"o":[[1.2,0],[0.833,-0.8],[0,0],[0.066,-0.333],[0,-2.533],[-1.734,-1.466],[-2.6,0],[-1.734,1.467],[0,0.6],[0,0],[0.2,1.534],[0.833,0.8]],"v":[[13,-21.8],[16.05,-23],[17.5,-26.5],[22,-61.4],[22.1,-62.8],[19.5,-68.8],[13,-71],[6.5,-68.8],[3.9,-62.9],[4,-61.5],[8.4,-26.5],[9.95,-23]],"c":true},"ix":2},"nm":"!","mn":"ADBE Vector Shape - Group","hd":false},{"ind":1,"ty":"sh","ix":2,"ks":{"a":0,"k":{"i":[[-2.467,0],[-1.6,1.634],[0,2.467],[1.6,1.634],[2.466,0],[1.6,-1.633],[0,-2.466],[-1.6,-1.633]],"o":[[2.466,0],[1.6,-1.633],[0,-2.466],[-1.6,-1.633],[-2.467,0],[-1.6,1.634],[0,2.467],[1.6,1.634]],"v":[[13,0.6],[19.1,-1.85],[21.5,-8],[19.1,-14.15],[13,-16.6],[6.9,-14.15],[4.5,-8],[6.9,-1.85]],"c":true},"ix":2},"nm":"!","mn":"ADBE Vector Shape - Group","hd":false}],"nm":"!","np":5,"cix":2,"bm":0,"ix":1,"mn":"ADBE Vector Group","hd":false}]},"fFamily":"Nunito ExtraBold"}]}